ProteinID,ProteinGroupID,Fasta ID,NumSeq,wt2,rac2,,wt3,rac3
24069744,223,GL50803_137716,151,2753,305,,1274,470
24067168,359,GL50803_94440,98,14,235,,60,148
24064728,352,GL50803_100906,72,14,146,,19,81
24065153,1951,GL50803_10167,68,187,186,,170,223
24064054,1993,GL50803_93736,67,0,174,,29,101
24066337,180,GL50803_17478,65,0,182,,10,97
24063845,1172,GL50803_103059,65,55,175,,104,132
24067220,1515,GL50803_17121,64,678,395,,255,293
24063961,549,GL50803_113677,63,249,70,,274,106
24068850,1304,GL50803_40496,63,0,140,,60,125
24067610,1826,GL50803_102108,63,111,308,,131,253
24067772,1274,GL50803_9413,60,166,474,,141,351
24070184,1613,GL50803_113892,59,42,370,,64,260
24065321,494,GL50803_16804,57,55,146,,110,133
24065234,48,GL50803_14373,55,602,246,,259,222
24062562,162,GL50803_88765,55,408,324,,253,262
24063916,500,GL50803_92246,53,0,217,,48,145
24062733,866,GL50803_17265,53,69,120,,110,113
24048731,1380,GL50803_21118,51,48,309,,46,232
24062039,1920,GL50803_41212,50,353,15,,186,56
24069639,626,GL50803_16745,49,553,53,,274,86
24066228,1510,GL50803_16867,48,97,186,,110,204
750540,1002,sp|ALBU_BOVIN|,45,2698,7,,392,30
24065659,811,GL50803_17230,44,166,200,,72,184
24065023,1037,GL50803_113722,44,0,135,,4,65
24065726,250,GL50803_88082,41,14,204,,23,102
24063825,1133,GL50803_114609,41,145,35,,261,119
24063972,660,GL50803_93275,40,14,63,,10,75
24066487,687,GL50803_9909,40,28,35,,184,136
24069618,725,GL50803_16343,40,145,23,,182,92
24063527,844,GL50803_9062,40,55,272,,39,172
24065682,901,GL50803_93358,40,380,87,,174,124
24067278,1536,GL50803_4812,40,311,199,,215,183
24030633,672,GL50803_9183,39,7,50,,151,90
24065503,1296,GL50803_8496,39,55,316,,27,180
24070338,1412,GL50803_86676,39,69,207,,68,178
24067222,1516,GL50803_87039,39,0,90,,15,50
794501,347,sp|K2C1_HUMAN|,38,1017,67,,176,138
24066779,779,GL50803_11953,38,21,177,,29,87
24064271,49,GL50803_39312,37,0,74,,14,41
24065609,710,GL50803_11654,37,339,230,,149,300
24067245,1479,GL50803_17570,37,83,32,,228,118
24070245,1817,GL50803_21505,37,55,97,,77,100
24064866,1033,GL50803_21628,36,187,132,,137,126
24065644,780,GL50803_112103,35,83,5,,282,208
24066708,978,GL50803_101138,35,0,62,,4,43
24064032,1937,"GL50803_112304,GL50803_112312",35,131,89,,164,195
24068921,767,GL50803_114787,34,284,185,,106,208
24064740,1493,GL50803_10885,34,270,24,,137,46
24069634,612,GL50803_9593,33,21,175,,27,116
24036198,957,GL50803_17063,33,21,13,,133,103
24067864,849,GL50803_27925,32,42,26,,162,111
24070462,965,GL50803_9719,32,69,251,,66,139
24069460,1745,GL50803_16353,32,14,184,,56,151
24069217,453,GL50803_13475,31,332,24,,143,52
24065314,504,GL50803_10311,31,214,27,,215,141
24061925,1740,GL50803_15591,31,35,25,,60,64
24064754,1471,GL50803_7796,30,90,162,,70,157
24069483,1495,GL50803_103373,30,173,158,,87,214
24062040,1934,GL50803_32999,30,62,72,,44,63
24067119,413,GL50803_15567,29,0,224,,37,171
24069929,1062,GL50803_111950,29,0,47,,14,34
24070199,1597,GL50803_23833,29,48,118,,62,102
24063963,554,GL50803_115052,28,7,85,,10,49
24003857,668,GL50803_114776,28,28,96,,70,108
3137085,964,sp|K1C9_HUMAN|,28,512,25,,85,77
534640,1221,sp|K1C10_HUMAN|,28,892,45,,112,69
24064957,1446,GL50803_32509,28,14,88,,10,40
24068594,665,"GL50803_136021,GL50803_101291,GL50803_136020",27,104,122,,153,182
24063506,800,GL50803_96670,27,35,72,,31,38
24067038,946,GL50803_16525,27,111,62,,116,69
24069907,1056,GL50803_21411,27,0,71,,35,54
534659,1266,sp|K22E_HUMAN|,27,664,35,,70,55
24066850,398,"GL50803_115478,GL50803_115479",26,28,41,,93,61
24065349,515,GL50803_27310,26,0,0,,139,35
24066414,543,GL50803_101212,26,0,95,,2,50
24070275,1867,GL50803_13864,26,62,55,,81,99
24063176,172,GL50803_101810,25,0,62,,4,44
24063052,605,GL50803_14058,25,7,59,,4,24
24069650,656,GL50803_21423,25,0,59,,31,56
24068819,1358,GL50803_17105,25,0,38,,21,42
24070306,1427,GL50803_14200,25,48,94,,17,52
24069477,1482,GL50803_14859,25,0,7,,85,50
24062458,1636,GL50803_94287,25,0,54,,15,35
24024994,63,GL50803_86511,24,83,8,,143,64
24063608,227,GL50803_5603,24,35,90,,14,44
24068975,906,GL50803_14856,24,14,77,,14,57
24063882,1101,GL50803_16425,24,0,67,,8,44
24066688,1616,GL50803_96732,24,7,67,,10,56
24057350,1950,GL50803_10521,24,42,98,,52,118
24069753,197,GL50803_7439,23,21,39,,60,80
24063039,582,GL50803_9861,23,270,66,,157,74
24063069,615,GL50803_10577,23,14,92,,23,64
24063522,848,GL50803_9515,23,14,32,,27,22
24067386,1041,GL50803_17249,23,62,22,,58,37
24062947,1864,GL50803_17327,23,131,166,,75,142
24064139,524,GL50803_17411,22,7,37,,97,54
24063969,556,GL50803_15409,22,263,84,,166,88
24063970,674,GL50803_11390,22,21,112,,46,92
24062700,880,GL50803_15213,22,21,129,,17,99
24067405,953,GL50803_102101,22,28,47,,19,30
24063823,1143,GL50803_7999,22,69,66,,100,84
24069868,1668,GL50803_101278,22,0,0,,72,43
24069838,1744,GL50803_6226,22,0,6,,131,54
24070273,1875,GL50803_9808,22,28,111,,21,73
24070107,311,GL50803_9751,21,35,116,,35,72
24064716,391,GL50803_12150,21,0,0,,110,49
24070035,701,GL50803_15054,21,0,22,,60,34
24068906,822,GL50803_32658,21,0,65,,12,64
24067404,956,GL50803_112846,21,14,49,,14,28
24064980,977,"GL50803_112079,GL50803_103676",21,69,73,,106,97
24042258,1229,GL50803_11118,21,97,19,,118,97
24064744,1490,GL50803_17243,21,0,27,,35,40
23994303,2078,GL50803_14620,21,83,144,,54,91
24070500,331,GL50803_21444,20,0,5,,85,42
24069226,468,GL50803_4767,20,0,153,,12,98
24067449,877,GL50803_9558,20,55,128,,66,159
24063869,1060,GL50803_17395,20,35,55,,73,53
24049849,1222,GL50803_12102,20,180,38,,85,50
24066663,1752,GL50803_5809,20,0,78,,8,53
24065178,1998,GL50803_16592,20,14,41,,12,23
24062960,2004,GL50803_33769,20,214,16,,151,59
24064274,47,GL50803_7130,19,7,51,,6,28
24068656,324,GL50803_16916,19,0,41,,2,11
24067358,1023,GL50803_11359,19,21,104,,35,46
24069900,1057,GL50803_16124,19,28,23,,50,50
24063794,1310,GL50803_16453,19,48,3,,141,81
24065036,1363,GL50803_14521,19,277,114,,141,179
23995929,1440,GL50803_8855,19,35,53,,43,45
24066695,1596,GL50803_91919,19,0,45,,37,57
24013933,1659,GL50803_7287,19,28,87,,25,60
24064311,1696,GL50803_15411,19,83,58,,48,39
24069898,1783,GL50803_98054,19,111,56,,110,80
24068763,1791,GL50803_6687,19,0,7,,158,107
24062999,1930,GL50803_32399,19,14,109,,12,72
24064846,2052,GL50803_17244,19,76,67,,41,61
24067112,415,GL50803_16824,18,14,40,,35,47
24063060,607,GL50803_14071,18,0,41,,8,29
24069668,632,GL50803_114777,18,7,54,,6,45
24065600,699,GL50803_15334,18,0,35,,2,20
24068512,829,GL50803_17153,18,346,53,,122,76
24069164,1182,GL50803_30476,18,0,92,,10,56
24070347,1236,GL50803_15832,18,76,23,,116,57
24064977,1411,GL50803_13608,18,14,14,,97,64
24069899,1782,GL50803_16125,18,14,3,,62,42
24062976,1977,GL50803_16679,18,7,63,,23,45
24067601,2031,GL50803_4410,18,28,92,,50,66
24069755,199,GL50803_16076,17,277,105,,141,166
23994217,291,GL50803_103285,17,0,39,,15,36
24067562,377,GL50803_17482,17,14,18,,56,37
24065361,436,GL50803_6617,17,62,133,,25,87
24067494,465,GL50803_5744,17,7,89,,10,47
24063968,557,GL50803_11397,17,14,5,,58,40
24068557,593,GL50803_6430,17,180,26,,164,63
24062796,715,GL50803_11992,17,0,5,,95,42
24066772,792,GL50803_14963,17,7,0,,75,8
24062751,793,GL50803_5942,17,69,18,,52,52
24065699,923,GL50803_11043,17,21,2,,66,55
24064982,979,GL50803_112076,17,0,7,,35,19
23989880,1067,GL50803_5359,17,28,61,,17,45
24066538,1175,GL50803_21943,17,28,55,,0,26
24062398,1179,GL50803_32778,17,35,26,,41,40
24066522,1198,GL50803_10778,17,0,89,,8,41
24068860,1225,GL50803_14285,17,7,2,,68,55
24067285,1547,GL50803_16412,17,0,1,,118,48
24070186,1624,GL50803_3342,17,0,50,,0,18
23997641,1642,GL50803_112681,17,28,48,,35,57
24064312,1704,GL50803_15410,17,97,56,,70,57
24063200,1717,GL50803_91643,17,7,27,,23,20
24042178,1723,GL50803_16390,17,0,5,,33,18
24068776,1767,GL50803_16265,17,55,69,,43,64
24066931,1957,GL50803_10358,17,0,0,,54,85
24065209,74,GL50803_7532,16,0,9,,37,43
24062596,183,GL50803_113133,16,28,49,,21,42
24065729,267,GL50803_8464,16,0,72,,0,30
24070111,339,GL50803_14235,16,0,50,,2,28
24066869,360,GL50803_113021,16,48,23,,29,2
24067552,389,GL50803_12109,16,0,100,,0,48
24036076,429,GL50803_94117,16,0,3,,29,16
24065359,445,GL50803_10231,16,0,21,,72,37
24067483,501,GL50803_13922,16,7,35,,8,13
24064130,533,GL50803_15097,16,62,62,,31,44
24065334,534,GL50803_137753,16,0,25,,25,46
24063958,570,GL50803_9503,16,7,95,,14,53
24067070,775,GL50803_12216,16,0,48,,27,59
24070417,831,GL50803_17060,16,14,1,,48,35
24067753,1245,GL50803_12108,16,0,2,,52,38
24062899,1385,GL50803_26364,16,21,61,,17,42
24064756,1468,GL50803_93002,16,7,22,,6,15
24069490,1476,GL50803_9030,16,118,26,,124,65
24070189,1623,GL50803_8426,16,0,27,,8,19
24069014,1625,GL50803_15988,16,14,66,,2,29
24067637,1789,GL50803_16667,16,14,3,,81,42
24066943,1976,GL50803_8702,16,7,61,,19,34
24063164,112,GL50803_112258,15,0,30,,2,18
24069735,218,GL50803_6917,15,48,49,,10,35
24067176,336,GL50803_16507,15,0,65,,10,57
24064724,356,GL50803_9704,15,0,1,,66,35
24067495,464,GL50803_15983,15,0,14,,52,32
24065329,487,GL50803_8978,15,90,16,,68,36
24064871,1026,GL50803_23888,15,0,55,,17,33
24063887,1109,GL50803_90872,15,7,0,,73,52
24068882,1261,GL50803_33660,15,7,32,,19,21
24062842,1341,GL50803_17342,15,0,43,,4,37
24068805,1378,GL50803_88581,15,21,82,,33,58
23980497,1579,GL50803_17054,15,14,45,,68,62
24069035,1675,GL50803_15048,15,0,2,,35,25
24069058,1719,GL50803_8118,15,35,76,,68,84
24064321,1727,GL50803_5795,15,14,50,,25,40
24063662,1901,GL50803_9825,15,0,17,,31,26
24062046,1928,GL50803_13584,15,97,17,,72,39
24062992,1929,GL50803_16636,15,55,96,,29,86
24021108,1946,GL50803_24842,15,0,21,,27,25
24069772,165,GL50803_33862,14,28,30,,46,38
24070150,257,GL50803_10538,14,0,29,,21,29
24063615,317,GL50803_16202,14,0,40,,10,39
24067481,477,GL50803_15317,14,48,25,,8,4
24065339,525,GL50803_8217,14,0,35,,25,36
24069697,592,GL50803_17547,14,131,72,,97,79
24063977,666,GL50803_8805,14,0,13,,21,17
24069626,749,GL50803_16720,14,14,38,,19,37
24068513,828,GL50803_13998,14,0,0,,39,40
24066582,1087,GL50803_9489,14,14,90,,23,45
24067795,1312,GL50803_17251,14,0,29,,0,16
24064965,1386,GL50803_15148,14,7,45,,14,21
24069473,1715,GL50803_16532,14,0,19,,4,18
24067620,1842,GL50803_14568,14,0,87,,4,26
24064212,113,GL50803_16889,13,55,19,,33,12
24066355,142,GL50803_17430,13,28,9,,29,13
24063187,191,GL50803_8854,13,21,19,,35,21
24068611,234,GL50803_16653,13,0,31,,23,36
24066893,330,GL50803_9780,13,35,96,,14,65
24064176,472,GL50803_24372,13,0,58,,6,39
24066467,670,GL50803_2562,13,0,42,,10,30
24069617,726,GL50803_137617,13,228,0,,43,0
24067013,912,GL50803_14758,13,0,53,,4,22
24067045,924,GL50803_112978,13,0,14,,4,11
24068954,936,GL50803_16356,13,0,46,,0,14
24067408,951,GL50803_8745,13,0,16,,27,19
24070485,1000,GL50803_15251,13,194,53,,46,21
24069563,1181,GL50803_17055,13,0,3,,27,31
24064921,1331,GL50803_16801,13,0,42,,2,17
24070320,1406,GL50803_14242,13,0,23,,2,6
24065118,1543,GL50803_86593,13,0,27,,8,12
24062470,1599,GL50803_22543,13,21,5,,31,10
24063212,1609,GL50803_10255,13,0,6,,72,44
24069834,1741,GL50803_23389,13,0,34,,2,15
24067656,1893,GL50803_8682,13,0,0,,25,14
24066945,1986,GL50803_7309,13,0,39,,8,19
24069351,28,GL50803_21474,12,0,9,,29,7
24064238,82,GL50803_92223,12,7,25,,0,8
24066384,215,GL50803_91324,12,0,11,,2,13
24063606,232,GL50803_112063,12,7,41,,6,36
24070153,262,GL50803_102023,12,0,0,,56,5
24067549,350,GL50803_9779,12,21,1,,114,53
24066826,409,GL50803_93548,12,14,33,,29,19
24067461,528,GL50803_15383,12,138,30,,77,60
24068561,544,GL50803_8822,12,0,0,,41,20
24068562,546,GL50803_8826,12,0,1,,43,44
24069637,622,GL50803_137712,12,0,16,,6,13
24004865,740,GL50803_16549,12,7,23,,19,26
24065628,744,GL50803_96399,12,0,33,,10,20
24062736,863,GL50803_15063,12,0,50,,4,33
24067833,883,GL50803_32571,12,21,56,,8,24
24067039,947,GL50803_19436,12,42,38,,81,46
24066511,1001,GL50803_15204,12,7,55,,10,37
24065001,1053,GL50803_14551,12,14,51,,17,39
24063868,1075,GL50803_33218,12,7,10,,6,22
24069194,1160,GL50803_9115,12,0,1,,83,28
24069566,1174,GL50803_114497,12,0,30,,12,23
24069565,1176,GL50803_91480,12,0,31,,4,18
24067306,1403,GL50803_24537,12,35,0,,54,17
24067305,1404,GL50803_16368,12,0,30,,2,14
24062884,1414,GL50803_15214,12,0,33,,12,31
24070317,1444,GL50803_35180,12,0,15,,4,10
24067312,1450,GL50803_16513,12,0,32,,12,10
24066233,1525,GL50803_11247,12,69,24,,66,39
24067290,1552,GL50803_103125,12,0,30,,6,42
24030822,1630,GL50803_11684,12,0,27,,6,7
24013920,1681,GL50803_17254,12,62,1,,43,29
24061917,1718,GL50803_137613,12,0,56,,0,42
24066670,1728,GL50803_16660,12,0,19,,4,14
24068726,1872,GL50803_16310,12,48,19,,64,29
24063652,1892,GL50803_15954,12,0,55,,0,25
24065161,1926,GL50803_33989,12,0,38,,2,17
23987483,1972,GL50803_114498,12,0,29,,6,16
24064836,2037,GL50803_42285,12,0,23,,4,6
24063160,108,GL50803_17332,11,14,25,,31,28
24069797,129,GL50803_15869,11,7,3,,79,27
24063532,141,GL50803_11720,11,7,27,,19,29
850484,151,sp|TRYP_PIG|,11,256,31,,87,21
24059140,160,GL50803_97219,11,90,18,,37,26
24070060,201,GL50803_16547,11,14,17,,2,11
23991359,212,GL50803_113143,11,0,14,,0,10
23982272,252,GL50803_4266,11,0,18,,19,21
24069725,259,GL50803_8152,11,0,30,,4,25
24068607,260,GL50803_1345,11,145,40,,114,40
24070523,284,GL50803_16483,11,14,50,,15,38
24070131,299,GL50803_9287,11,0,21,,2,12
24062614,300,GL50803_15551,11,28,42,,15,20
24070101,319,GL50803_16768,11,0,8,,6,6
24065282,427,GL50803_4627,11,0,23,,8,17
24065382,460,GL50803_13766,11,14,18,,25,21
24064100,491,GL50803_3331,11,14,0,,58,21
24063951,567,GL50803_4197,11,7,9,,23,20
24068556,590,GL50803_17106,11,0,15,,21,13
24062698,630,GL50803_7244,11,76,86,,37,62
24065620,739,GL50803_13382,11,0,30,,0,15
24062774,756,GL50803_7242,11,0,38,,2,14
24062748,764,GL50803_4547,11,42,45,,46,35
24068922,768,GL50803_15106,11,0,23,,31,30
24065641,789,GL50803_17090,11,90,2,,89,40
24068525,802,GL50803_2549,11,0,27,,0,14
24068510,832,GL50803_7588,11,35,3,,44,31
24068915,861,GL50803_12139,11,0,9,,43,12
24066729,878,GL50803_17429,11,0,35,,0,13
24067026,889,GL50803_17565,11,7,21,,46,16
24065691,919,GL50803_16595,11,21,7,,31,15
24066755,944,GL50803_94463,11,48,17,,44,18
24064986,975,GL50803_17246,11,0,40,,10,15
23986056,1278,GL50803_13500,11,0,7,,25,40
24064931,1343,GL50803_8462,11,69,22,,54,26
24070307,1426,GL50803_17109,11,0,18,,4,12
24051390,1453,GL50803_7878,11,35,37,,33,31
24066610,1465,GL50803_112408,11,0,34,,4,16
24064370,1517,GL50803_91761,11,0,21,,4,15
24069008,1603,GL50803_16387,11,62,45,,68,43
24069023,1643,GL50803_14702,11,21,7,,14,13
24061934,1665,GL50803_114671,11,0,15,,21,10
23997298,1666,GL50803_7444,11,7,1,,29,8
24069862,1674,GL50803_86681,11,21,3,,27,13
24069049,1690,GL50803_17056,11,0,58,,6,34
24064318,1702,GL50803_101594,11,7,17,,10,14
24062497,1733,GL50803_10822,11,48,9,,31,29
24069452,1758,GL50803_11683,11,97,69,,37,41
24068701,1897,GL50803_14650,11,0,23,,0,13
24004628,1918,GL50803_7126,11,0,64,,4,35
24066289,1960,GL50803_17551,11,7,5,,21,21
24062067,1988,GL50803_12981,11,14,26,,6,14
24046469,2064,GL50803_104994,11,28,53,,19,46
24064291,7,GL50803_9060,10,0,33,,6,23
24065247,33,GL50803_10870,10,21,0,,23,13
24063120,64,GL50803_22808,10,14,10,,17,16
24036103,78,GL50803_15247,10,0,1,,35,12
24064201,93,GL50803_14403,10,0,39,,0,18
24068677,99,GL50803_137703,10,0,23,,12,31
24070091,148,GL50803_101955,10,0,25,,0,17
24068644,343,GL50803_112518,10,7,6,,62,18
24067532,365,GL50803_10429,10,0,3,,77,38
24028213,435,GL50803_17385,10,0,32,,0,8
24065373,470,GL50803_3593,10,7,18,,17,42
24065317,507,GL50803_29147,10,14,55,,17,47
24063967,547,GL50803_16431,10,62,34,,27,27
24069287,571,GL50803_8407,10,0,0,,66,29
24063033,573,GL50803_3822,10,0,0,,33,18
24063940,580,GL50803_14938,10,7,41,,56,58
24068540,584,GL50803_113284,10,0,17,,10,25
24069633,611,GL50803_14993,10,0,0,,17,23
24069251,618,GL50803_16086,10,42,25,,21,29
24063078,646,GL50803_7031,10,7,5,,25,10
24062792,708,GL50803_8227,10,0,30,,2,13
24062779,753,GL50803_15215,10,0,23,,19,42
24067091,835,GL50803_11309,10,0,22,,0,2
24065660,859,GL50803_113553,10,0,1,,41,16
24067808,960,GL50803_94224,10,7,42,,0,21
24066512,1008,GL50803_10428,10,42,22,,29,25
24066504,1014,GL50803_16371,10,7,2,,10,9
24064881,1017,GL50803_103713,10,0,23,,23,18
24069109,1046,GL50803_137685,10,21,49,,14,24
24069537,1080,GL50803_6170,10,7,38,,2,17
24063875,1126,GL50803_6886,10,0,5,,12,12
24063848,1168,GL50803_14827,10,7,38,,6,20
24069558,1193,GL50803_3896,10,28,50,,8,38
24070352,1253,GL50803_9741,10,0,15,,6,13
24065053,1333,GL50803_15520,10,35,25,,33,30
24067303,1398,GL50803_7870,10,62,21,,73,29
24065150,1570,GL50803_103709,10,0,3,,21,15
24069821,1580,GL50803_16363,10,28,8,,17,15
23988846,1581,GL50803_7204,10,83,25,,43,36
24062475,1587,GL50803_87422,10,0,16,,0,2
24063739,1648,GL50803_4883,10,0,17,,8,22
24069867,1667,GL50803_16342,10,0,6,,6,15
24068775,1768,GL50803_14699,10,55,56,,54,72
24062502,1772,GL50803_15156,10,0,27,,0,12
24062902,1796,GL50803_13561,10,131,21,,128,49
24070262,1857,GL50803_7195,10,0,1,,15,17
24062995,1924,GL50803_90434,10,0,9,,6,12
24064824,2022,GL50803_3206,10,0,7,,14,24
24064004,2073,GL50803_17304,10,7,38,,14,36
24066904,16,GL50803_13452,9,0,0,,21,9
24047584,124,GL50803_8377,9,7,48,,6,30
24069798,128,GL50803_10091,9,76,33,,21,27
24069388,171,GL50803_8916,9,0,33,,0,22
24062678,256,GL50803_14800,9,0,31,,2,30
24070156,261,GL50803_17223,9,0,24,,8,9
24063645,289,GL50803_11380,9,7,18,,15,16
24062627,305,GL50803_15823,9,0,2,,44,9
24070108,313,GL50803_16721,9,0,23,,2,15
24062639,328,GL50803_113622,9,0,2,,21,6
24062631,341,GL50803_33166,9,21,7,,27,15
24067133,397,GL50803_15454,9,0,15,,15,9
24067113,418,GL50803_16829,9,0,39,,0,20
24069666,636,GL50803_17224,9,0,21,,10,9
24063077,640,GL50803_2107,9,0,16,,10,16
24067423,917,GL50803_34179,9,0,9,,4,23
24034070,926,GL50803_9827,9,14,6,,50,27
24067042,932,GL50803_14689,9,0,21,,2,12
23980729,950,GL50803_7233,9,0,10,,15,16
24012672,959,GL50803_16443,9,0,1,,14,11
24068982,983,GL50803_14614,9,14,2,,56,26
24020316,1085,GL50803_101501,9,0,0,,23,3
24069532,1090,GL50803_16376,9,0,5,,6,18
24069522,1110,GL50803_14490,9,7,48,,0,22
24070377,1219,GL50803_9296,9,0,55,,0,34
24069092,1233,"GL50803_121046,GL50803_121045",9,180,49,,48,38
24068891,1241,GL50803_10661,9,0,1,,25,15
24063783,1287,GL50803_18470,9,0,26,,4,18
24068845,1327,GL50803_86680,9,0,15,,4,14
24064930,1344,GL50803_14712,9,0,15,,0,13
24069487,1461,GL50803_100864,9,0,29,,19,38
24064367,1497,GL50803_15398,9,21,18,,43,12
24065148,1560,GL50803_28379,9,0,14,,0,10
24069401,1585,GL50803_14460,9,0,3,,17,10
24031127,1610,GL50803_23017,9,0,14,,2,12
24062466,1618,GL50803_16588,9,125,25,,68,30
24062460,1622,GL50803_5927,9,0,13,,8,9
24069031,1661,GL50803_13273,9,0,19,,31,18
24067649,1812,GL50803_6464,9,0,5,,12,5
24069881,1840,GL50803_16652,9,62,53,,33,40
24067654,1896,GL50803_96460,9,0,11,,21,23
23981580,1944,GL50803_17053,9,7,0,,25,8
24065445,2038,GL50803_15522,9,0,32,,0,25
566335,2058,sp|ALBU_HUMAN|,9,346,1,,56,4
24065262,12,GL50803_101074,8,173,0,,29,0
24009243,17,GL50803_9750,8,0,5,,10,11
24064263,36,GL50803_29490,8,7,8,,10,8
24055544,68,GL50803_9803,8,7,0,,54,4
24069393,161,GL50803_16993,8,21,1,,29,4
24062565,164,GL50803_111869,8,0,25,,0,8
24069359,186,GL50803_93938,8,0,0,,31,23
24062664,235,GL50803_14961,8,0,7,,0,12
24068633,281,GL50803_24425,8,0,14,,2,12
24066885,306,GL50803_16567,8,0,5,,19,14
24062636,344,GL50803_7524,8,0,19,,0,1
24067169,361,GL50803_7306,8,55,19,,21,12
24066862,362,GL50803_5810,8,0,1,,23,24
24067147,384,GL50803_17432,8,7,2,,31,15
24067504,401,GL50803_16404,8,28,97,,72,73
24069219,450,GL50803_11100,8,0,14,,15,3
24014763,456,GL50803_3643,8,0,0,,19,28
"2,406,712,824,001,670",498,"GL50803_135231,GL50803_14212",8,83,18,,27,12
24069252,619,GL50803_14843,8,7,22,,4,11
24063083,673,GL50803_3409,8,0,3,,10,2
24069269,682,GL50803_14329,8,42,26,,46,27
24070423,694,GL50803_1695,8,0,57,,12,22
24065608,706,GL50803_13329,8,48,41,,19,22
24062768,730,GL50803_7375,8,0,6,,10,11
24067859,819,GL50803_17143,8,0,3,,27,20
24070418,827,GL50803_31978,8,0,16,,2,10
24068504,870,GL50803_15987,8,0,23,,6,9
24067010,910,GL50803_6633,8,0,0,,23,7
24067351,1020,GL50803_103454,8,0,23,,0,15
24065024,1036,GL50803_7953,8,14,45,,6,33
24019903,1058,GL50803_10019,8,0,21,,4,12
24069523,1111,GL50803_7590,8,14,19,,12,14
24068888,1257,GL50803_8917,8,7,19,,14,36
24062429,1316,GL50803_40831,8,0,6,,12,10
24053114,1355,GL50803_11125,8,0,64,,4,35
24065034,1361,GL50803_95593,8,0,8,,14,14
24040346,1401,GL50803_16067,8,0,3,,15,18
24064757,1466,GL50803_28699,8,14,30,,15,23
24069479,1478,GL50803_9077,8,0,16,,10,14
24064083,1548,GL50803_16709,8,0,11,,12,12
24064078,1553,GL50803_7259,8,35,32,,15,17
24069823,1582,GL50803_5333,8,35,14,,44,17
24069446,1683,GL50803_14895,8,0,3,,19,20
24069077,1755,GL50803_16321,8,0,14,,0,12
24066667,1765,GL50803_15076,8,0,30,,0,20
24049986,1795,GL50803_10221,8,0,38,,0,13
24065406,1801,GL50803_33689,8,0,0,,43,11
24065402,1807,GL50803_95192,8,14,16,,4,15
24067621,1841,GL50803_86821,8,7,19,,4,5
24067626,1843,GL50803_11950,8,55,24,,43,21
24070271,1879,GL50803_16237,8,0,9,,0,6
24067685,1883,GL50803_93551,8,0,2,,25,15
24062941,1885,GL50803_16928,8,0,25,,0,8
24064058,1992,GL50803_15483,8,42,30,,19,15
24062070,1994,GL50803_14346,8,0,13,,2,11
24066258,2018,GL50803_5294,8,0,2,,0,10
24064825,2023,GL50803_17627,8,0,15,,8,15
24070202,2063,GL50803_93294,8,62,14,,35,15
24069314,30,GL50803_8172,7,7,9,,19,13
24063106,79,GL50803_15304,7,0,14,,2,3
24069778,167,GL50803_6939,7,14,8,,33,11
24063172,176,GL50803_4259,7,42,16,,10,10
24066366,240,GL50803_94478,7,0,8,,0,9
24070113,340,GL50803_5346,7,0,2,,15,7
24066875,371,GL50803_29487,7,0,15,,15,13
24067155,372,GL50803_14915,7,0,23,,2,10
24064102,493,GL50803_10969,7,0,2,,17,14
24014719,505,GL50803_22855,7,21,0,,31,6
24064126,512,GL50803_16969,7,0,0,,35,7
24065335,529,GL50803_40244,7,0,19,,4,14
24063000,535,GL50803_15297,7,0,0,,39,17
24068569,538,GL50803_17192,7,0,10,,2,8
24069241,598,GL50803_3910,7,0,0,,23,28
24056558,610,GL50803_4149,7,0,0,,6,12
24070033,704,GL50803_16574,7,0,11,,0,9
24069625,750,GL50803_7766,7,7,3,,35,27
24066764,766,GL50803_14497,7,7,1,,43,19
24062726,820,GL50803_137695,7,0,5,,21,11
24070018,850,GL50803_16375,7,0,1,,12,8
24070406,867,GL50803_15104,7,0,21,,0,8
24062712,895,GL50803_8064,7,7,10,,52,16
24066744,927,GL50803_102813,7,7,0,,44,9
24066749,929,GL50803_17255,7,0,16,,12,22
24066709,976,GL50803_8468,7,0,29,,0,24
24064875,1027,GL50803_4507,7,0,3,,10,12
24067392,1044,GL50803_16504,7,21,2,,25,12
24069526,1106,GL50803_15099,7,0,0,,29,11
24066551,1147,GL50803_10698,7,21,16,,15,23
24009926,1158,GL50803_16902,7,0,13,,6,10
24065531,1208,GL50803_7323,7,0,19,,14,10
24067739,1210,GL50803_17005,7,0,9,,2,3
24069994,1214,GL50803_7789,7,0,22,,4,16
24069502,1280,GL50803_16044,7,0,14,,4,21
24062855,1330,GL50803_10570,7,55,13,,31,16
24062850,1332,GL50803_4652,7,14,33,,29,29
24018759,1336,GL50803_5649,7,0,2,,39,6
24064900,1360,GL50803_14584,7,21,9,,21,14
24070327,1392,GL50803_15376,7,0,8,,6,7
24067251,1496,GL50803_13747,7,0,26,,41,16
24064363,1505,GL50803_11775,7,0,7,,0,6
24064364,1506,GL50803_7569,7,0,30,,0,21
24067261,1566,GL50803_10919,7,21,11,,41,3
24063218,1601,GL50803_87677,7,0,1,,15,3
24063750,1620,GL50803_9058,7,0,5,,2,9
24061913,1712,"GL50803_135003,GL50803_135002,GL50803_135001",7,7,31,,2,19
24061918,1716,GL50803_12162,7,14,0,,29,7
24068799,1760,GL50803_8174,7,0,0,,31,5
24070274,1866,GL50803_16575,7,0,10,,2,2
24062538,1916,GL50803_13528,7,0,6,,4,6
24062985,1958,GL50803_29327,7,0,6,,6,8
24066293,1971,GL50803_15228,7,0,40,,6,22
24066952,2002,GL50803_22291,7,7,15,,6,7
24052784,2012,GL50803_17352,7,0,23,,2,11
24064831,2033,GL50803_13825,7,0,7,,2,5
24066911,6,GL50803_11613,6,0,25,,0,13
24069319,32,GL50803_16298,6,0,7,,17,11
24065203,72,GL50803_4349,6,14,7,,14,12
24064203,84,GL50803_11486,6,7,0,,21,9
24063150,91,GL50803_5947,6,69,15,,37,20
24063552,118,GL50803_12999,6,0,29,,12,13
24069794,133,GL50803_17155,6,0,9,,0,7
24063146,136,GL50803_5883,6,0,6,,21,8
24063144,138,GL50803_16433,6,7,25,,0,3
24069774,166,GL50803_16795,6,0,13,,0,24
24069781,168,GL50803_9348,6,0,0,,14,8
24070078,179,GL50803_16460,6,0,1,,6,7
24069374,192,GL50803_25238,6,0,11,,2,4
24069370,196,GL50803_16766,6,0,1,,8,6
24066326,198,GL50803_28954,6,0,24,,0,11
24062641,211,GL50803_16929,6,0,2,,14,22
785957,213,sp|HBB_HUMAN|,6,90,1,,19,1
24069736,217,GL50803_14322,6,0,15,,0,9
24066398,229,GL50803_91252,6,0,11,,2,9
24065717,244,GL50803_5845,6,7,15,,8,14
24062603,280,GL50803_14669,6,0,24,,2,15
24070529,301,GL50803_5010,6,0,8,,12,10
24070103,320,GL50803_16717,6,0,2,,31,17
24067558,392,GL50803_12057,6,0,5,,0,2
24066825,410,GL50803_17558,6,0,6,,12,7
24066833,416,GL50803_14019,6,28,10,,50,24
24066838,419,GL50803_16518,6,0,8,,0,3
24067518,431,GL50803_113024,6,0,29,,0,24
24067513,432,GL50803_21897,6,0,9,,0,11
24065391,451,GL50803_113554,6,0,7,,4,15
24064103,486,GL50803_24662,6,21,2,,25,10
24064101,492,GL50803_10971,6,0,11,,2,12
24067457,511,GL50803_112801,6,138,1,,25,1
24063004,522,GL50803_15154,6,0,14,,2,6
24020246,540,GL50803_5784,6,0,16,,0,6
24066412,541,GL50803_137618,6,55,1,,10,1
24063043,586,GL50803_14633,6,0,17,,0,3
24066456,602,GL50803_104173,6,0,3,,10,7
24063993,614,GL50803_87058,6,0,0,,12,2
24062692,642,GL50803_2101,6,0,0,,14,11
24066480,649,GL50803_113365,6,0,1,,14,7
24063978,664,GL50803_13000,6,0,23,,4,25
24066488,688,GL50803_16659,6,0,6,,6,8
24070032,702,GL50803_16573,6,0,39,,0,21
24066493,711,GL50803_4383,6,0,0,,21,2
24070045,727,GL50803_16364,6,0,3,,2,8
24062771,746,GL50803_37985,6,0,9,,8,4
24070448,759,GL50803_8429,6,0,16,,8,11
24068929,773,GL50803_112557,6,0,5,,15,9
24025415,776,GL50803_91056,6,0,0,,33,4
24068936,784,GL50803_9196,6,0,6,,6,11
24062756,794,GL50803_10181,6,0,13,,4,10
24051098,826,GL50803_104685,6,55,25,,33,34
24067092,837,GL50803_14049,6,0,19,,8,10
24063524,845,GL50803_14971,6,0,0,,10,5
24066791,857,GL50803_6022,6,0,15,,0,10
24064987,971,GL50803_3042,6,0,7,,12,8
24005766,1013,GL50803_102034,6,0,2,,21,5
24069107,1043,GL50803_16318,6,7,11,,0,2
24065006,1050,GL50803_3861,6,7,1,,19,17
24063865,1074,GL50803_137726,6,0,9,,0,6
24069912,1076,GL50803_12116,6,0,11,,4,6
24069153,1088,GL50803_114246,6,0,0,,31,5
24069943,1094,GL50803_16734,6,0,7,,0,0
24066574,1104,GL50803_17216,6,0,13,,0,9
24066563,1124,GL50803_4602,6,0,29,,0,13
24069961,1128,GL50803_17283,6,0,6,,0,3
24069585,1138,GL50803_86761,6,0,1,,2,7
24069156,1166,GL50803_17448,6,0,3,,10,5
24070379,1216,GL50803_15260,6,7,22,,6,8
24070344,1235,GL50803_16279,6,0,7,,4,5
24067752,1243,GL50803_15046,6,35,17,,27,23
24069083,1252,GL50803_11220,6,0,15,,0,9
24068828,1292,GL50803_6563,6,0,0,,14,13
24064928,1340,GL50803_10623,6,0,0,,10,11
24062874,1356,GL50803_17163,6,21,1,,50,6
24064964,1393,GL50803_137641,6,0,14,,0,5
24065084,1430,GL50803_17617,6,7,18,,6,7
24064954,1447,GL50803_23552,6,0,16,,4,12
24069489,1455,GL50803_91398,6,0,15,,8,5
24069494,1475,GL50803_8444,6,14,14,,14,8
24064357,1483,GL50803_23185,6,0,2,,0,7
24066234,1526,GL50803_17568,6,0,0,,27,3
24064065,1539,GL50803_6896,6,0,0,,14,7
24064093,1564,GL50803_9824,6,14,1,,35,10
24067267,1573,GL50803_13007,6,0,10,,8,7
24062478,1591,GL50803_103878,6,0,7,,0,7
23989071,1594,GL50803_11434,6,0,5,,41,21
24069428,1639,GL50803_6671,6,21,8,,14,8
24015140,1694,GL50803_22850,6,0,0,,19,8
24039096,1708,GL50803_7260,6,0,0,,70,21
24062484,1754,GL50803_10856,6,14,11,,4,6
24062509,1788,GL50803_14622,6,28,16,,39,21
24062514,1793,GL50803_89347,6,0,2,,8,3
24063693,1816,GL50803_10802,6,0,14,,6,13
24063670,1850,GL50803_22454,6,0,30,,2,22
24070270,1876,GL50803_6133,6,48,17,,50,21
24067689,1881,GL50803_8360,6,7,2,,25,5
24062939,1886,GL50803_8382,6,0,25,,2,17
24062927,1903,GL50803_9848,6,0,26,,31,26
24020850,1980,GL50803_11540,6,28,25,,12,9
24066946,1985,GL50803_21331,6,0,3,,6,9
24045397,2027,GL50803_16779,6,0,10,,23,17
24070208,2054,GL50803_16312,6,0,1,,10,12
24070219,2071,GL50803_8445,6,0,0,,14,4
24065264,13,GL50803_15995,5,0,3,,2,3
24065258,20,GL50803_6184,5,0,0,,43,17
24065239,41,GL50803_16963,5,0,5,,0,5
24064250,62,GL50803_101534,5,0,0,,41,10
24064207,88,GL50803_23004,5,28,5,,12,7
24066300,109,GL50803_13550,5,0,13,,0,2
24003969,120,GL50803_93011,5,14,3,,15,3
24063134,123,GL50803_24279,5,0,9,,0,9
24056203,130,GL50803_5867,5,0,3,,0,12
24066357,144,GL50803_5000,5,0,13,,4,4
23991767,155,GL50803_10843,5,0,3,,8,8
24069771,163,GL50803_24321,5,0,0,,14,5
24063588,187,GL50803_10675,5,0,14,,4,7
24069354,188,GL50803_3256,5,0,9,,15,8
24062667,236,GL50803_4255,5,0,23,,0,9
24068606,258,GL50803_6744,5,48,6,,29,6
24062602,279,GL50803_14670,5,21,15,,46,14
24063647,287,GL50803_14404,5,0,0,,8,9
24062629,307,GL50803_4026,5,0,10,,8,16
24014449,333,GL50803_16328,5,14,0,,19,6
24067544,349,GL50803_16773,5,0,10,,0,4
24067531,367,GL50803_14045,5,0,2,,2,4
24067561,380,GL50803_17483,5,0,8,,6,6
24067142,385,GL50803_6835,5,14,6,,0,4
24064145,437,GL50803_13227,5,0,1,,0,6
24064158,449,GL50803_17082,5,14,10,,8,7
24063924,478,GL50803_16967,5,0,0,,15,13
24065324,479,GL50803_15427,5,48,3,,23,7
24065312,510,GL50803_4838,5,0,3,,2,4
24063018,542,GL50803_16220,5,0,0,,8,13
24063962,551,GL50803_113673,5,0,10,,0,3
24069673,566,GL50803_92132,5,0,2,,8,5
24063952,568,GL50803_16200,5,0,5,,2,14
24066455,604,GL50803_16521,5,0,0,,10,9
24063980,645,GL50803_87817,5,0,2,,2,3
24069671,654,GL50803_16426,5,0,10,,0,7
24062687,658,GL50803_17165,5,0,15,,0,11
24062685,663,GL50803_87446,5,0,16,,0,16
24070027,690,GL50803_13272,5,0,0,,6,11
24062785,693,GL50803_10825,5,0,9,,6,9
24065603,696,GL50803_7537,5,0,6,,8,4
24065606,697,GL50803_137754,5,0,0,,8,6
24062769,719,GL50803_17161,5,0,22,,0,8
24039579,720,GL50803_3595,5,28,3,,21,14
24065612,721,GL50803_11640,5,0,11,,8,5
24062742,772,GL50803_7520,5,0,10,,8,14
24065646,782,GL50803_17097,5,0,2,,8,4
24068520,795,GL50803_34684,5,0,0,,2,6
24065654,806,GL50803_9007,5,0,7,,6,5
24065650,825,GL50803_16924,5,14,1,,44,4
24067860,842,GL50803_96264,5,0,8,,2,12
24065668,846,GL50803_16906,5,0,26,,6,16
24068502,868,GL50803_41512,5,0,7,,15,5
24070014,873,GL50803_12949,5,0,0,,15,13
24068973,908,GL50803_14321,5,14,9,,17,16
24070481,997,GL50803_10608,5,0,8,,4,2
24064898,1012,GL50803_42357,5,0,7,,0,4
24069595,1030,GL50803_32681,5,0,6,,0,5
24065012,1042,GL50803_114885,5,0,6,,0,3
24067398,1049,GL50803_5188,5,0,1,,14,7
24067399,1051,GL50803_10370,5,0,2,,12,7
24069923,1061,GL50803_16979,5,0,26,,4,13
24066592,1069,GL50803_15538,5,0,7,,6,15
24069916,1077,GL50803_21803,5,0,8,,0,5
24063820,1139,GL50803_103855,5,0,16,,8,15
24063837,1190,GL50803_32312,5,0,1,,6,5
24063832,1192,GL50803_15495,5,0,0,,10,6
24066529,1194,GL50803_15035,5,0,14,,0,8
24067734,1206,GL50803_14796,5,0,8,,6,11
24068495,1211,GL50803_41467,5,0,5,,0,5
24068884,1259,GL50803_7207,5,0,6,,2,10
24068468,1267,GL50803_2452,5,0,0,,21,9
24065502,1297,GL50803_104150,5,0,5,,17,10
24062428,1315,GL50803_14469,5,7,17,,6,5
24062432,1318,GL50803_10219,5,0,1,,2,4
24062435,1322,GL50803_14691,5,0,8,,0,2
24065065,1346,GL50803_15428,5,0,6,,10,11
24064938,1349,GL50803_4331,5,0,14,,10,10
24068809,1375,GL50803_4365,5,0,1,,8,5
24065044,1381,GL50803_16037,5,0,5,,4,1
24064962,1391,GL50803_114462,5,0,3,,6,5
24062891,1394,GL50803_15296,5,0,9,,2,3
23993932,1400,GL50803_16729,5,0,5,,10,15
24064969,1408,GL50803_91099,5,0,13,,2,8
24069484,1494,GL50803_14458,5,21,39,,6,22
24067211,1502,GL50803_17132,5,0,7,,0,7
24066622,1514,GL50803_92498,5,0,9,,0,5
24065125,1529,GL50803_9011,5,0,0,,23,4
24065128,1534,GL50803_2198,5,0,0,,4,6
24029105,1545,GL50803_7662,5,0,1,,15,5
24065119,1550,GL50803_9327,5,21,1,,25,2
24064077,1554,GL50803_93278,5,0,5,,2,6
24052864,1561,GL50803_4044,5,0,9,,0,3
24064096,1577,GL50803_7962,5,21,2,,29,6
24063769,1584,GL50803_16707,5,0,6,,0,10
24063756,1614,GL50803_15487,5,0,3,,8,8
24066683,1621,GL50803_11301,5,0,0,,72,1
24069013,1626,GL50803_101906,5,0,11,,2,26
24067698,1644,GL50803_17362,5,0,3,,8,8
24063728,1669,GL50803_14939,5,0,16,,10,17
24069865,1670,GL50803_16317,5,0,1,,6,4
24069037,1673,GL50803_9810,5,14,13,,10,9
24066652,1676,GL50803_15985,5,0,17,,0,7
24064307,1678,GL50803_14679,5,0,0,,15,5
24064302,1687,GL50803_9134,5,0,3,,0,6
24066641,1698,GL50803_111886,5,0,5,,0,4
24068790,1710,GL50803_19003,5,0,24,,6,18
24068789,1729,GL50803_16235,5,14,1,,23,4
24069830,1748,GL50803_91476,5,0,5,,4,4
24069882,1837,GL50803_5345,5,0,7,,0,2
24065428,1839,GL50803_42377,5,0,10,,2,6
23988371,1858,GL50803_113456,5,0,6,,0,3
24062944,1884,GL50803_8528,5,7,0,,17,3
24012446,1919,GL50803_3869,5,0,18,,2,15
24065475,1933,GL50803_86440,5,0,13,,2,10
24065158,1948,GL50803_4631,5,0,18,,0,4
24064028,1952,GL50803_13268,5,35,67,,21,43
24064026,1956,GL50803_17402,5,0,2,,2,10
24065481,1967,GL50803_16332,5,0,0,,6,5
24066290,1973,GL50803_14254,5,0,3,,6,9
24062065,1991,GL50803_14345,5,0,0,,10,4
24066245,2029,GL50803_13350,5,0,2,,2,6
24065450,2045,GL50803_5785,5,7,14,,2,6
24065454,2049,GL50803_16945,5,0,2,,14,11
24064016,2055,GL50803_8001,5,0,8,,4,7
24066998,2066,GL50803_14091,5,48,32,,39,45
24066912,2,GL50803_42442,4,0,8,,0,5
1173036,4,sp|K1C15_SHEEP|,4,173,3,,25,8
24066917,14,GL50803_15124,4,7,2,,19,9
24066909,23,GL50803_11364,4,0,0,,6,3
24064299,26,GL50803_14171,4,0,2,,14,4
24065241,34,GL50803_23357,4,0,7,,4,4
24069324,38,GL50803_96562,4,0,14,,4,10
24060404,40,GL50803_10196,4,14,0,,4,2
24054066,59,GL50803_12035,4,0,14,,0,11
24064231,76,GL50803_10813,4,0,13,,2,3
24063108,80,GL50803_15306,4,0,3,,2,2
24068661,89,GL50803_10073,4,0,6,,0,8
24069795,137,GL50803_16267,4,0,1,,12,3
24062572,146,GL50803_8903,4,7,0,,10,6
24066358,154,GL50803_13791,4,0,2,,0,4
24069379,158,GL50803_27896,4,0,3,,0,5
24016028,173,GL50803_8711,4,0,1,,0,9
24070076,178,GL50803_15368,4,0,3,,0,8
24069748,230,GL50803_22165,4,0,3,,2,4
24070149,247,GL50803_17464,4,0,18,,2,15
24062675,254,GL50803_6148,4,0,0,,12,1
24057476,282,GL50803_102248,4,0,1,,8,2
24062617,285,GL50803_16760,4,7,0,,17,5
24066886,316,GL50803_16568,4,0,0,,6,5
24068642,342,GL50803_9155,4,0,10,,2,5
24066867,355,GL50803_17550,4,0,0,,14,6
24067560,381,GL50803_94646,4,0,8,,0,8
24067553,388,GL50803_12105,4,7,1,,10,3
24025049,400,GL50803_7950,4,7,5,,4,18
24067123,407,GL50803_21942,4,0,6,,8,2
24067122,408,GL50803_94658,4,0,0,,8,7
24067116,420,GL50803_97072,4,0,7,,4,5
24067100,430,GL50803_8890,4,0,9,,0,8
24065358,446,GL50803_10232,4,0,0,,2,6
23995286,469,GL50803_7030,4,0,0,,27,6
24069230,471,GL50803_9079,4,0,11,,2,8
24065318,509,GL50803_96994,4,0,7,,4,4
23982919,519,GL50803_8726,4,7,0,,15,5
24063003,523,GL50803_10254,4,0,2,,4,1
24065333,532,GL50803_27059,4,0,0,,27,5
24063954,565,GL50803_14086,4,0,24,,0,14
24069699,594,GL50803_6283,4,0,0,,14,1
24068587,629,GL50803_9174,4,0,23,,2,13
24065701,651,GL50803_87926,4,0,5,,4,1
24063971,662,GL50803_11384,4,0,13,,0,3
24063086,671,GL50803_16495,4,0,24,,8,14
24063093,681,GL50803_13930,4,0,8,,2,11
24069605,703,GL50803_102978,4,0,13,,0,9
24070426,716,GL50803_9117,4,0,5,,6,7
24070458,733,GL50803_2777,4,0,9,,0,2
24065627,745,GL50803_4288,4,0,11,,0,6
24068526,801,GL50803_3678,4,0,7,,2,5
24065656,804,GL50803_14660,4,14,0,,27,7
24070401,854,GL50803_16914,4,0,5,,0,0
24066792,856,GL50803_3570,4,48,0,,31,6
24066797,860,GL50803_104250,4,0,0,,21,16
24067430,896,GL50803_16227,4,0,11,,23,12
24066730,899,GL50803_10705,4,0,5,,0,2
24066731,900,GL50803_15270,4,0,11,,2,3
24068972,909,GL50803_13127,4,0,3,,17,12
24066741,922,GL50803_9270,4,7,2,,4,11
24068942,930,GL50803_15478,4,0,5,,0,1
24067824,937,GL50803_90122,4,0,10,,2,4
24017723,952,GL50803_102728,4,0,3,,10,3
23983246,972,GL50803_92645,4,0,15,,0,9
24066702,980,GL50803_10762,4,0,2,,2,7
24068983,984,GL50803_16311,4,35,0,,17,2
24063802,1018,GL50803_89050,4,0,6,,0,3
"2,406,244,324,064,000",1022,"GL50803_103540,GL50803_15265",4,0,7,,2,3
24067393,1045,GL50803_16498,4,0,0,,6,2
24065000,1052,GL50803_5161,4,0,11,,0,3
24069926,1063,GL50803_17536,4,0,0,,12,7
24069143,1070,GL50803_14392,4,0,0,,4,11
24069521,1113,GL50803_88245,4,0,7,,0,6
24069513,1125,GL50803_86498,4,0,6,,0,1
24063815,1151,GL50803_9088,4,0,0,,29,6
24069582,1154,GL50803_7110,4,0,13,,39,9
24063818,1155,GL50803_3977,4,0,8,,12,4
24066549,1156,GL50803_6812,4,0,3,,2,10
24069159,1162,GL50803_102438,4,0,6,,2,1
24066536,1173,GL50803_94653,4,0,2,,2,2
24069162,1184,GL50803_17465,4,0,7,,0,0
24062388,1196,GL50803_114546,4,28,8,,21,4
24068878,1200,GL50803_11448,4,0,3,,0,5
24068872,1203,GL50803_21048,4,0,2,,2,3
24046391,1207,GL50803_9098,4,0,3,,6,2
24068492,1220,GL50803_15977,4,0,0,,0,9
24070372,1223,GL50803_137713,4,0,5,,0,1
24065541,1228,GL50803_4509,4,7,21,,4,14
24068483,1232,GL50803_14277,4,0,3,,2,10
24065519,1237,GL50803_14117,4,0,0,,4,6
24069091,1240,GL50803_5593,4,7,15,,8,23
24067766,1264,GL50803_11595,4,14,0,,12,4
24062800,1295,GL50803_22204,4,0,6,,8,8
24070392,1321,GL50803_17451,4,0,0,,25,3
24068846,1328,GL50803_86683,4,7,2,,10,3
24032559,1362,GL50803_10400,4,0,2,,2,5
24065579,1388,GL50803_24880,4,0,9,,0,5
24067702,1419,GL50803_21525,4,0,18,,2,7
24069488,1463,GL50803_9038,4,0,1,,6,7
"2,406,681,924,066,430",1473,"GL50803_111933,GL50803_111936",4,90,1,,14,1
24067286,1544,GL50803_6413,4,0,10,,0,4
24067287,1549,GL50803_2622,4,0,13,,0,5
24064090,1559,GL50803_114307,4,0,3,,0,7
24064094,1565,GL50803_15930,4,7,8,,2,6
24069000,1593,GL50803_137603,4,14,9,,8,4
24023403,1612,GL50803_10016,4,0,2,,10,3
24069016,1628,GL50803_7896,4,0,2,,4,8
24062452,1641,GL50803_87202,4,0,6,,8,5
24067695,1647,GL50803_94762,4,0,9,,0,3
24063731,1651,GL50803_17084,4,0,3,,8,2
24062442,1652,GL50803_5949,4,0,8,,0,6
24069416,1658,GL50803_8560,4,0,10,,6,7
24069451,1664,GL50803_34701,4,0,2,,0,5
24069045,1693,GL50803_5328,4,0,7,,4,19
24069055,1695,GL50803_2864,4,0,13,,4,12
24064310,1697,GL50803_16424,4,0,5,,2,5
24069437,1701,GL50803_115572,4,0,6,,0,1
24069064,1730,GL50803_17110,4,0,2,,8,7
24068784,1736,GL50803_6171,4,0,1,,10,8
24063703,1738,GL50803_16602,4,7,1,,4,4
24069837,1743,GL50803_8140,4,0,1,,4,9
24069833,1749,GL50803_13413,4,0,21,,2,21
24062919,1777,GL50803_13283,4,0,23,,0,2
24067631,1778,GL50803_14317,4,0,8,,0,4
24062511,1792,GL50803_17520,4,0,1,,6,4
24070239,1805,GL50803_86468,4,0,18,,0,11
24065424,1836,GL50803_17313,4,0,3,,2,5
24068723,1868,GL50803_8044,4,35,25,,14,10
24062929,1900,GL50803_15062,4,0,0,,6,3
24062534,1912,GL50803_7522,4,0,5,,4,8
24062034,1915,GL50803_4270,4,0,22,,0,11
24066929,1949,GL50803_4079,4,0,0,,8,6
24065171,1953,GL50803_17315,4,0,6,,0,1
24062981,1954,GL50803_17164,4,0,0,,12,4
24064024,1964,GL50803_17406,4,0,5,,4,4
24066948,1982,GL50803_17577,4,0,3,,12,2
24065175,1996,GL50803_102722,4,0,0,,6,2
24067209,2024,GL50803_96363,4,7,8,,0,4
24066982,2050,GL50803_9865,4,0,3,,4,6
24066989,2056,GL50803_9529,4,0,11,,6,7
24069333,3,GL50803_17102,3,0,1,,8,0
24066910,5,GL50803_23064,3,0,2,,0,3
24054025,9,GL50803_3470,3,0,9,,0,0
24010675,18,GL50803_5659,3,0,0,,8,6
24065253,24,GL50803_9008,3,0,0,,17,3
24065252,25,GL50803_4039,3,0,2,,8,7
24064297,29,GL50803_6332,3,0,3,,0,2
24065237,42,GL50803_6372,3,0,15,,0,5
24064241,51,GL50803_16256,3,0,5,,0,1
24065220,54,GL50803_17625,3,0,1,,14,5
24064221,69,GL50803_28549,3,7,21,,2,9
24064225,73,GL50803_16454,3,0,14,,0,7
24067598,75,GL50803_17574,3,0,2,,0,1
24068668,95,GL50803_40369,3,0,3,,4,6
24066305,102,GL50803_11311,3,0,2,,0,5
24066306,104,GL50803_14048,3,0,0,,4,3
24063163,107,GL50803_17328,3,0,8,,0,3
24063559,115,GL50803_2098,3,0,1,,2,6
24068681,117,GL50803_9121,3,0,1,,4,2
24068696,132,GL50803_14704,3,0,0,,10,3
24062570,145,GL50803_8960,3,0,9,,0,1
24070090,150,GL50803_9173,3,14,13,,17,8
24033142,156,GL50803_17347,3,0,3,,6,3
24069376,157,GL50803_6736,3,0,10,,2,7
24066330,174,GL50803_17495,3,7,0,,2,5
24069747,226,GL50803_8035,3,7,1,,8,1
24063605,228,GL50803_9376,3,0,0,,8,2
24070176,231,GL50803_40390,3,0,0,,8,0
24069727,263,GL50803_92760,3,0,0,,6,1
24062606,271,GL50803_4502,3,0,14,,0,7
24070124,275,GL50803_15936,3,0,1,,0,6
24068636,276,GL50803_6242,3,0,0,,19,7
24069709,295,GL50803_8260,3,0,0,,15,3
24063610,312,GL50803_40817,3,35,7,,8,5
24067190,321,GL50803_15531,3,14,0,,8,1
24068652,326,GL50803_8565,3,0,6,,0,4
24066895,327,GL50803_8471,3,0,9,,4,4
24063620,334,GL50803_9508,3,0,1,,12,2
24066873,375,GL50803_7873,3,0,15,,8,13
24025990,378,GL50803_115159,3,0,6,,0,1
24066858,393,GL50803_6404,3,0,1,,4,5
24064714,396,GL50803_16158,3,0,5,,0,3
24035069,424,GL50803_16975,3,0,2,,4,3
24064147,438,GL50803_17400,3,0,2,,12,6
24064171,454,GL50803_8350,3,0,3,,0,0
24064181,466,GL50803_14972,3,0,1,,0,2
24000554,475,GL50803_2925,3,0,8,,0,2
24065326,482,GL50803_6304,3,0,2,,4,6
24067476,488,GL50803_14017,3,0,5,,0,1
24067464,531,GL50803_17566,3,0,2,,10,2
24069688,545,GL50803_14897,3,0,1,,4,1
24068548,575,GL50803_5517,3,0,22,,0,15
24063941,581,GL50803_31295,3,0,5,,0,0
24069250,617,GL50803_5069,3,0,7,,0,1
24066478,637,GL50803_17367,3,0,19,,8,7
24062684,661,GL50803_5456,3,0,5,,0,1
24066463,675,GL50803_14095,3,0,5,,0,5
24070029,685,GL50803_6135,3,7,5,,4,5
24070422,695,GL50803_115571,3,0,5,,0,1
24070428,714,GL50803_15364,3,0,1,,0,4
24070048,724,GL50803_2833,3,0,3,,0,2
24063895,734,GL50803_7966,3,0,1,,2,2
24062778,754,GL50803_15216,3,0,2,,2,2
24062747,765,GL50803_13651,3,0,0,,0,11
24068534,770,GL50803_16365,3,7,3,,0,0
24065640,786,GL50803_112112,3,0,1,,2,3
24070008,809,GL50803_17157,3,0,7,,0,7
24067857,816,GL50803_14225,3,0,5,,0,0
24063521,852,GL50803_16326,3,0,1,,0,7
24068961,885,GL50803_15339,3,0,7,,0,5
24067028,886,GL50803_17563,3,0,0,,4,6
24065679,891,GL50803_16090,3,0,5,,0,2
24067846,905,GL50803_16670,3,0,6,,0,0
24068941,931,GL50803_15476,3,0,7,,0,2
24068956,935,GL50803_8253,3,0,9,,0,4
24068958,940,GL50803_35428,3,0,0,,6,2
24067402,948,GL50803_86855,3,0,0,,10,0
24065395,954,GL50803_7807,3,7,0,,10,1
24067806,966,GL50803_101168,3,0,0,,6,3
24064985,974,GL50803_4912,3,0,1,,15,8
24066518,1003,GL50803_31998,3,0,5,,0,3
24067334,1005,GL50803_2825,3,21,1,,8,6
23983927,1009,GL50803_13943,3,0,0,,4,2
24066509,1016,GL50803_36069,3,14,7,,6,14
24067352,1021,GL50803_3007,3,0,0,,4,5
24067370,1032,GL50803_10145,3,0,5,,0,1
24053460,1035,GL50803_91374,3,0,0,,4,1
24069549,1068,GL50803_90950,3,0,0,,6,2
24063860,1071,GL50803_14787,3,0,0,,2,4
24069147,1079,GL50803_33663,3,0,3,,2,6
24066585,1082,GL50803_14934,3,0,1,,0,4
24069944,1093,GL50803_103807,3,0,1,,6,10
24069116,1096,GL50803_7760,3,0,0,,15,3
24069112,1098,GL50803_13075,3,0,0,,2,2
24069120,1100,GL50803_6535,3,0,10,,0,7
24069529,1105,GL50803_16263,3,0,0,,14,5
24063883,1112,GL50803_15413,3,0,14,,0,6
24063885,1114,GL50803_480,3,0,0,,21,2
24069934,1116,GL50803_13323,3,0,7,,2,3
24069128,1120,GL50803_3062,3,0,7,,0,1
24063821,1140,GL50803_14608,3,0,5,,0,1
24052500,1149,GL50803_4152,3,0,26,,4,23
24069955,1150,GL50803_42676,3,0,2,,0,1
24063819,1153,GL50803_14434,3,0,0,,6,3
24066544,1159,GL50803_90710,3,0,5,,0,2
24069985,1163,GL50803_16793,3,0,5,,0,1
785701,1164,sp|HBA_HUMAN|,3,28,8,,15,5
24069988,1169,GL50803_41451,3,0,3,,0,1
24063841,1180,GL50803_13269,3,0,0,,4,3
24069971,1189,GL50803_16114,3,21,6,,10,7
24070361,1205,GL50803_6289,3,0,5,,6,5
23990489,1224,GL50803_8692,3,0,0,,6,5
24068481,1234,GL50803_9045,3,7,0,,15,4
24069084,1255,GL50803_39587,3,0,1,,6,0
24068471,1256,GL50803_13109,3,14,10,,2,12
24065525,1269,GL50803_5881,3,0,1,,0,3
24034871,1272,GL50803_10193,3,7,0,,6,2
24063786,1281,GL50803_16888,3,0,6,,0,1
24062410,1283,GL50803_15889,3,0,11,,0,2
24069508,1289,GL50803_137680,3,0,8,,0,3
24062835,1306,GL50803_16930,3,0,0,,8,4
24070386,1307,GL50803_12941,3,0,6,,2,4
24070394,1320,GL50803_39938,3,0,3,,0,0
24070398,1324,GL50803_17472,3,0,2,,4,2
24062856,1329,GL50803_23447,3,0,7,,0,1
24064936,1353,GL50803_14475,3,0,0,,12,0
24064937,1354,GL50803_86431,3,0,7,,0,1
24068814,1367,GL50803_16630,3,0,5,,8,5
24062861,1372,GL50803_7035,3,7,6,,8,3
24062867,1374,GL50803_16675,3,0,3,,0,6
24064910,1376,GL50803_11885,3,0,1,,6,1
24065049,1384,GL50803_8608,3,0,5,,2,1
24062896,1390,GL50803_8235,3,0,0,,12,3
24067304,1405,GL50803_33685,3,0,8,,8,11
24065582,1417,GL50803_1979,3,0,22,,2,9
24067703,1420,GL50803_32697,3,0,0,,4,4
23996687,1423,GL50803_94525,3,0,5,,2,1
24067718,1434,GL50803_16370,3,0,3,,0,2
24064956,1445,GL50803_5615,3,0,6,,0,1
24067315,1451,GL50803_11299,3,0,8,,4,2
"2,406,259,424,062,890",1485,"GL50803_10829,GL50803_8245",3,0,0,,10,2
24067214,1498,GL50803_17130,3,0,3,,2,2
24064369,1499,GL50803_2964,3,0,8,,0,3
24066630,1504,GL50803_16839,3,0,1,,0,10
24064776,1509,GL50803_95557,3,0,3,,0,3
"2,406,976,624,070,500",1518,"GL50803_114626,GL50803_113531",3,0,5,,0,4
23993566,1524,GL50803_5604,3,35,1,,33,8
24066236,1527,GL50803_4597,3,0,0,,6,4
24034302,1528,"GL50803_135886,GL50803_135885",3,0,0,,17,3
24067277,1530,GL50803_17354,3,0,0,,8,6
24064064,1541,GL50803_14311,3,0,8,,0,16
24065131,1572,GL50803_90044,3,0,2,,0,2
24062477,1590,GL50803_16678,3,0,0,,4,4
24062473,1595,GL50803_8963,3,0,9,,0,3
24066697,1598,GL50803_3417,3,0,0,,10,12
24069811,1604,GL50803_25205,3,0,10,,0,3
24063215,1608,GL50803_7751,3,0,3,,2,4
24063211,1611,GL50803_17506,3,0,6,,0,1
24070181,1617,GL50803_16054,3,0,5,,0,2
24069411,1654,GL50803_15240,3,0,6,,2,8
24069419,1660,GL50803_5533,3,0,8,,0,2
24069036,1672,GL50803_28962,3,0,3,,0,0
24064305,1684,GL50803_14877,3,0,1,,2,5
24063707,1711,GL50803_7351,3,7,10,,8,13
24046117,1721,GL50803_15566,3,0,0,,2,2
24063206,1722,GL50803_13316,3,0,13,,0,6
24063205,1724,GL50803_13315,3,0,3,,2,4
24066673,1725,GL50803_15603,3,0,1,,2,7
24062495,1731,GL50803_14064,3,14,2,,4,2
24069835,1742,GL50803_8125,3,0,1,,0,4
24066664,1750,GL50803_40228,3,0,2,,0,3
24064334,1757,GL50803_95254,3,0,6,,0,2
24062487,1759,GL50803_15218,3,0,0,,6,0
24061900,1784,GL50803_9658,3,0,6,,0,4
24062907,1797,GL50803_8621,3,0,0,,4,6
24067648,1813,GL50803_34093,3,14,1,,6,4
24068751,1814,GL50803_14545,3,0,0,,2,2
24012413,1820,GL50803_15081,3,0,5,,0,2
24069874,1823,GL50803_98056,3,28,6,,12,5
24067612,1827,GL50803_9363,3,0,2,,2,2
24068744,1831,GL50803_21398,3,0,3,,0,0
24070255,1833,GL50803_10038,3,0,1,,4,2
24070253,1835,GL50803_20307,3,0,10,,0,6
24062542,1854,GL50803_37488,3,0,2,,0,1
24062953,1862,GL50803_9485,3,0,1,,2,1
24063680,1865,GL50803_13603,3,0,9,,2,10
24068715,1887,GL50803_9720,3,7,0,,2,1
23981547,1909,GL50803_16299,3,0,6,,0,4
24067661,1917,GL50803_9548,3,0,16,,0,5
24066920,1932,GL50803_17427,3,0,11,,0,6
24065477,1936,GL50803_22136,3,0,9,,4,7
24062045,1939,GL50803_95787,3,0,0,,8,2
24066298,1942,GL50803_7874,3,0,1,,8,3
24066284,1963,GL50803_12223,3,0,0,,2,2
24066291,1970,GL50803_13756,3,14,0,,12,9
24062971,1984,GL50803_22677,3,0,0,,19,3
24062979,1999,GL50803_5981,3,0,1,,0,2
24064810,2005,GL50803_2053,3,0,0,,12,3
24062962,2006,GL50803_7018,3,0,5,,0,2
24065191,2007,GL50803_15514,3,0,0,,10,2
24062074,2011,GL50803_1875,3,0,0,,19,5
24065185,2014,GL50803_14581,3,0,2,,0,5
24066961,2017,GL50803_10367,3,0,8,,0,11
24067201,2025,GL50803_16222,3,0,8,,0,2
24064832,2034,"GL50803_27521,GL50803_14256",3,0,10,,0,10
24064834,2039,GL50803_7134,3,0,5,,0,1
24064012,2041,GL50803_7350,3,0,3,,0,2
24066983,2047,GL50803_9870,3,0,0,,21,1
24064842,2057,GL50803_10881,3,7,1,,12,5
24064017,2059,GL50803_14606,3,7,11,,12,16
24064006,2070,GL50803_9099,3,0,3,,0,9
24070213,2074,GL50803_14456,3,0,0,,2,6
24070210,2075,GL50803_12945,3,0,3,,0,0
24064292,8,GL50803_16167,2,0,6,,4,5
24064282,10,GL50803_17037,2,0,1,,0,2
24033184,19,GL50803_14593,2,0,0,,6,0
24064295,22,GL50803_12598,2,7,0,,8,0
24066905,27,GL50803_13220,2,0,2,,0,0
24069326,37,GL50803_8122,2,0,5,,0,0
"2,406,773,324,067,720",44,"GL50803_86934,GL50803_101307",2,0,0,,6,0
24065230,46,GL50803_115245,2,0,0,,2,2
24065222,50,GL50803_95064,2,0,0,,6,0
24064243,52,GL50803_103838,2,0,1,,0,2
24064245,55,GL50803_14433,2,0,1,,6,4
24063129,65,GL50803_3538,2,0,0,,0,2
24065217,66,GL50803_11638,2,0,1,,0,1
24068665,85,GL50803_6664,2,0,7,,0,0
24064208,86,GL50803_16272,2,0,3,,6,3
24063151,92,GL50803_17345,2,0,6,,0,0
24063560,98,GL50803_4248,2,0,2,,4,1
24066302,106,GL50803_40014,2,0,0,,6,2
24064211,114,GL50803_16887,2,0,1,,4,3
24063139,119,GL50803_27308,2,7,0,,12,0
24063136,121,GL50803_102542,2,7,0,,8,2
24063542,125,GL50803_33281,2,0,1,,0,2
24068690,127,GL50803_6377,2,0,0,,2,1
24069796,135,GL50803_88735,2,0,0,,2,1
24069780,169,GL50803_9349,2,0,0,,8,4
24062595,175,GL50803_17505,2,0,5,,0,0
24070073,181,GL50803_32676,2,0,3,,0,1
24069751,202,GL50803_15847,2,0,1,,6,1
24039755,203,GL50803_103783,2,0,0,,8,1
24069367,204,GL50803_14481,2,0,0,,12,1
24063576,205,GL50803_17299,2,0,0,,8,0
24066390,206,GL50803_8741,2,0,3,,0,1
24070160,209,GL50803_14270,2,0,5,,10,6
24013695,220,GL50803_16658,2,0,0,,12,3
24070553,233,GL50803_114192,2,0,1,,4,3
24062666,237,GL50803_16068,2,0,0,,2,2
24068617,241,GL50803_14994,2,0,7,,0,3
24069718,245,GL50803_103810,2,0,0,,0,2
24066364,246,GL50803_14916,2,0,1,,4,0
24062676,253,GL50803_14821,2,0,0,,6,4
24069721,255,GL50803_16731,2,7,0,,6,0
24068602,264,GL50803_42000,2,0,1,,2,0
24069729,266,GL50803_14628,2,0,0,,4,0
24070139,292,GL50803_7474,2,0,1,,2,1
24070134,296,GL50803_13904,2,0,0,,10,3
24069703,297,GL50803_113876,2,0,2,,0,3
24066884,308,GL50803_10780,2,14,11,,8,6
24070512,310,GL50803_13783,2,0,5,,0,0
24070109,315,GL50803_42008,2,7,0,,2,2
24063617,318,GL50803_114218,2,0,3,,2,1
24070105,322,GL50803_16718,2,0,2,,0,0
24066897,338,GL50803_12094,2,0,5,,0,1
24067540,348,GL50803_3420,2,0,2,,0,1
24064727,353,GL50803_115239,2,0,3,,10,5
24064723,354,GL50803_9707,2,0,0,,4,0
24066864,357,GL50803_15077,2,0,5,,0,3
24066861,364,GL50803_2812,2,0,1,,0,1
23995712,366,GL50803_13836,2,0,5,,0,0
24064731,373,GL50803_14375,2,0,0,,14,4
24067566,376,GL50803_94582,2,0,0,,6,2
24067570,387,GL50803_15450,2,0,2,,0,1
24067125,411,GL50803_17476,2,0,3,,0,0
24067527,422,GL50803_5874,2,0,2,,2,2
24067522,423,GL50803_7877,2,0,2,,0,1
24064149,439,GL50803_15397,2,0,0,,4,2
24065389,457,GL50803_8189,2,0,0,,2,4
23996729,458,GL50803_7655,2,0,3,,0,2
24067496,462,GL50803_5749,2,0,5,,2,4
23999210,474,GL50803_2555,2,0,6,,8,5
24064107,481,GL50803_87056,2,0,6,,0,7
24067473,484,GL50803_16840,2,0,3,,0,2
24065328,485,GL50803_6590,2,0,1,,4,2
24064106,490,GL50803_8512,2,0,2,,0,1
24063912,503,GL50803_17296,2,0,2,,0,1
24064124,520,GL50803_16966,2,0,0,,0,2
24063010,537,GL50803_3117,2,0,2,,0,1
24069282,539,GL50803_7578,2,0,1,,6,2
24068565,550,GL50803_14364,2,0,1,,2,0
24063024,560,GL50803_37907,2,7,2,,4,1
24069297,562,GL50803_2338,2,0,1,,0,1
24069677,563,GL50803_11165,2,0,3,,4,4
24068547,574,GL50803_13947,2,0,3,,0,1
24066430,576,GL50803_13622,2,0,2,,0,4
24028280,577,GL50803_6330,2,0,0,,15,0
24066428,591,GL50803_112787,2,0,1,,0,2
24066452,599,GL50803_16526,2,0,0,,2,4
24069235,608,GL50803_6492,2,0,1,,0,1
24066446,613,GL50803_16843,2,0,1,,0,3
24069665,633,GL50803_4959,2,7,1,,15,0
24063989,634,GL50803_8524,2,0,0,,0,3
24063075,638,GL50803_15956,2,0,0,,4,1
24069257,647,GL50803_95653,2,0,0,,0,4
24068599,655,GL50803_16715,2,0,1,,0,4
24069652,659,GL50803_137698,2,0,5,,0,2
24066468,669,GL50803_6082,2,0,1,,2,0
24066460,676,GL50803_13700,2,0,3,,0,1
24069660,683,GL50803_17471,2,0,2,,2,0
24066490,684,GL50803_15599,2,0,5,,0,4
24062780,689,GL50803_37161,2,0,3,,0,0
24065605,698,GL50803_28234,2,21,1,,12,4
24062790,712,GL50803_8228,2,0,0,,2,1
24070429,717,GL50803_17543,2,0,1,,0,1
24070455,718,GL50803_8145,2,0,5,,0,0
24063890,723,GL50803_15953,2,0,0,,0,3
24065621,741,GL50803_3531,2,0,0,,2,2
24065626,743,GL50803_9697,2,0,0,,4,0
24070054,751,GL50803_28433,2,0,23,,10,14
24069623,755,GL50803_137684,2,0,0,,6,0
24068920,760,GL50803_32815,2,0,7,,0,3
24062741,771,GL50803_3598,2,0,2,,0,1
24068939,791,GL50803_15472,2,0,0,,12,0
24068529,798,GL50803_16234,2,0,0,,10,0
24067854,814,GL50803_17139,2,0,2,,0,6
24070411,815,GL50803_137705,2,0,2,,0,1
24068900,817,GL50803_91348,2,0,0,,2,2
24066784,821,GL50803_113971,2,7,0,,4,3
24062725,824,GL50803_40521,2,0,0,,2,2
24068511,830,GL50803_17150,2,0,0,,4,6
24062720,833,GL50803_7414,2,0,2,,4,4
24068518,841,GL50803_16264,2,0,0,,2,1
24066798,847,GL50803_29140,2,0,3,,0,1
24066795,862,GL50803_94927,2,0,10,,0,4
24025404,871,GL50803_22385,2,0,3,,0,2
24062706,881,GL50803_15157,2,0,3,,0,1
24067025,887,GL50803_4595,2,0,0,,6,0
24066726,888,GL50803_15127,2,0,0,,8,0
24067022,892,GL50803_15347,2,0,1,,2,1
24067434,893,GL50803_15164,2,0,3,,2,5
24065685,897,GL50803_95530,2,0,2,,0,0
24068940,928,GL50803_15474,2,0,0,,6,0
24066751,938,GL50803_16135,2,0,2,,0,1
24064186,962,GL50803_2980,2,0,1,,0,5
24070465,968,GL50803_27878,2,0,5,,4,2
24064983,973,GL50803_14926,2,0,0,,6,0
24066701,982,GL50803_29307,2,0,0,,8,2
24066703,987,GL50803_3209,2,0,0,,0,7
24064993,994,GL50803_27735,2,35,0,,4,0
24070483,999,GL50803_15252,2,0,1,,0,6
24066516,1004,GL50803_5375,2,0,2,,2,2
24066514,1007,GL50803_86945,2,0,2,,0,0
24064892,1010,GL50803_6928,2,0,2,,0,1
24067353,1019,GL50803_13914,2,0,7,,0,1
24067355,1024,GL50803_11354,2,0,0,,10,3
24067365,1028,GL50803_15455,2,0,1,,0,1
24064865,1034,GL50803_95908,2,0,3,,0,2
24067390,1048,GL50803_3903,2,0,2,,0,2
24069906,1055,GL50803_97130,2,0,2,,0,3
24066596,1066,GL50803_17586,2,0,0,,4,0
24069540,1073,GL50803_113252,2,7,0,,2,0
24069150,1083,GL50803_9293,2,0,8,,0,2
24069948,1092,GL50803_8160,2,0,13,,0,11
24066573,1102,GL50803_5186,2,0,0,,6,1
24069933,1117,GL50803_28477,2,0,0,,12,2
24069930,1118,GL50803_9239,2,0,0,,0,3
24069131,1123,GL50803_28888,2,0,2,,0,0
24005708,1127,GL50803_95918,2,0,0,,0,4
24069964,1131,GL50803_17276,2,0,1,,0,2
24069963,1132,GL50803_17277,2,0,3,,2,4
24063827,1135,GL50803_11749,2,0,7,,2,4
24069183,1145,GL50803_26917,2,0,7,,0,1
24063840,1177,GL50803_11321,2,0,2,,0,0
24066539,1178,"GL50803_115338,GL50803_115337",2,0,1,,2,0
24063834,1191,GL50803_11772,2,0,2,,0,1
24070362,1201,GL50803_16819,2,0,6,,0,0
24023176,1204,GL50803_16948,2,7,0,,4,2
24068496,1212,GL50803_12741,2,0,2,,0,3
24069995,1213,GL50803_7791,2,0,1,,0,1
24068868,1218,GL50803_88960,2,0,5,,0,4
24068862,1226,GL50803_88888,2,0,2,,0,0
24014668,1227,GL50803_92031,2,0,1,,0,2
24065545,1230,GL50803_17320,2,0,0,,0,2
24067755,1242,GL50803_12089,2,0,1,,0,1
24067754,1244,GL50803_17499,2,0,0,,2,1
24065512,1247,GL50803_10868,2,0,1,,0,3
24068470,1249,GL50803_113219,2,0,0,,0,2
24068467,1265,GL50803_16313,2,0,5,,0,8
24062405,1270,GL50803_3493,2,0,1,,0,1
24065508,1285,GL50803_10882,2,0,0,,0,4
24062808,1288,GL50803_7422,2,0,0,,2,2
24062805,1291,GL50803_5665,2,0,2,,0,1
24062838,1308,GL50803_5892,2,0,0,,12,9
24025734,1311,GL50803_15834,2,0,0,,4,0
24062833,1314,GL50803_15144,2,0,0,,2,1
24062433,1317,GL50803_300001,2,0,2,,0,0
24062431,1319,GL50803_15145,2,0,1,,0,1
24068848,1323,GL50803_13886,2,0,5,,0,2
24070395,1325,GL50803_17460,2,0,0,,2,2
24065056,1335,GL50803_5786,2,14,1,,4,5
24065059,1338,GL50803_10341,2,7,2,,6,3
24033771,1347,GL50803_9119,2,0,0,,0,2
24068813,1368,GL50803_6650,2,0,6,,4,3
24064917,1377,GL50803_10324,2,0,2,,15,3
24064915,1379,GL50803_137745,2,0,1,,2,0
24062898,1389,GL50803_2483,2,0,0,,8,1
24067301,1399,GL50803_16367,2,0,2,,0,1
24065096,1402,GL50803_15461,2,0,8,,2,6
24070321,1407,GL50803_16322,2,0,0,,8,0
24064978,1410,GL50803_86600,2,0,0,,4,1
24062882,1413,GL50803_14400,2,0,1,,0,2
24062881,1421,GL50803_10858,2,0,0,,8,1
24065552,1432,GL50803_5768,2,0,1,,2,3
24040364,1437,GL50803_103891,2,0,0,,2,1
24067326,1443,GL50803_91911,2,0,0,,2,1
24067723,1449,GL50803_26988,2,0,6,,0,1
24066618,1458,GL50803_16380,2,0,0,,0,2
24069485,1459,GL50803_14457,2,0,0,,2,1
24064347,1460,GL50803_9620,2,0,3,,0,0
24067238,1464,GL50803_11129,2,0,0,,4,3
24064758,1469,GL50803_21662,2,0,0,,0,2
24069492,1472,GL50803_14278,2,0,0,,10,0
24069475,1484,GL50803_17286,2,0,8,,0,1
24064747,1488,GL50803_90024,2,0,2,,0,0
24066217,1489,GL50803_137609,2,0,1,,2,0
24064742,1491,GL50803_9305,2,0,1,,0,1
24067216,1507,GL50803_17127,2,0,3,,0,0
24064777,1508,GL50803_38394,2,0,1,,0,1
23996916,1511,GL50803_6680,2,0,0,,0,2
24067224,1512,GL50803_9573,2,0,0,,6,1
24064371,1519,GL50803_15871,2,7,0,,0,3
24067276,1532,GL50803_17353,2,0,1,,0,2
24064794,1537,GL50803_10315,2,0,2,,0,0
24067281,1538,GL50803_17364,2,0,1,,0,2
24067292,1555,GL50803_9900,2,0,14,,0,8
24067260,1567,GL50803_16520,2,0,1,,0,2
24017465,1569,GL50803_8148,2,0,3,,0,0
24067264,1574,GL50803_8367,2,0,0,,8,5
24065138,1575,GL50803_16543,2,0,0,,4,1
24033298,1578,GL50803_17538,2,0,1,,0,4
24069400,1588,GL50803_3475,2,0,2,,0,0
24066692,1592,GL50803_16558,2,0,1,,2,2
24063219,1602,GL50803_14621,2,0,1,,0,2
24069810,1605,GL50803_12800,2,0,0,,0,2
24069001,1606,GL50803_27326,2,0,0,,0,3
23983093,1615,GL50803_3706,2,0,2,,0,1
24069802,1629,GL50803_103944,2,0,0,,6,0
24069806,1631,GL50803_17012,2,7,0,,10,1
24069422,1632,GL50803_15581,2,14,0,,6,0
24069425,1634,GL50803_10063,2,0,3,,0,1
24069020,1640,GL50803_24555,2,0,3,,0,0
24069026,1645,GL50803_7188,2,0,3,,0,1
24062444,1650,GL50803_17337,2,7,1,,10,3
24062446,1655,GL50803_4657,2,0,3,,0,1
24069414,1657,GL50803_26199,2,0,0,,4,3
24069032,1662,GL50803_16236,2,0,6,,6,7
24069450,1663,GL50803_11186,2,0,0,,12,1
24069038,1671,GL50803_16577,2,0,2,,0,1
24069853,1691,GL50803_1995,2,0,2,,6,3
24063714,1699,GL50803_11771,2,0,0,,0,6
24063712,1703,GL50803_11740,2,0,1,,8,5
24066648,1705,GL50803_16450,2,14,0,,8,1
24069847,1709,GL50803_940,2,0,7,,0,3
24069059,1720,GL50803_14641,2,0,1,,4,1
24069469,1737,GL50803_8163,2,0,0,,2,1
24069462,1746,GL50803_8423,2,0,1,,0,2
24069069,1747,GL50803_104031,2,0,2,,10,3
24064338,1763,GL50803_16882,2,0,2,,0,2
24066666,1764,GL50803_9899,2,0,0,,0,3
24068774,1769,GL50803_27836,2,0,2,,2,4
24068770,1773,GL50803_17149,2,0,0,,8,2
24001835,1779,GL50803_89730,2,0,2,,0,1
24067634,1787,GL50803_12920,2,0,7,,0,2
24062510,1790,GL50803_8049,2,0,3,,0,3
24062900,1806,GL50803_38901,2,0,1,,0,2
24065400,1811,GL50803_42196,2,0,2,,0,0
24063696,1815,GL50803_14230,2,0,5,,0,0
24063692,1818,GL50803_10803,2,0,2,,0,0
24065412,1821,GL50803_31339,2,0,11,,0,5
24065417,1825,GL50803_14206,2,0,1,,0,1
24067614,1828,GL50803_6262,2,0,2,,4,1
24068749,1834,GL50803_9353,2,0,0,,4,0
24067624,1844,GL50803_114921,2,0,0,,0,2
24065420,1846,GL50803_113740,2,0,1,,0,1
24065421,1847,GL50803_14104,2,0,6,,0,7
24067628,1848,GL50803_17587,2,0,0,,4,1
24070267,1851,GL50803_17013,2,0,3,,0,0
24068730,1855,GL50803_4463,2,7,5,,4,4
23991999,1859,GL50803_8250,2,0,8,,0,5
"24,067,184,240,647,300,000,000,000,000,000",1869,"GL50803_112831,GL50803_113656,GL50803_114773,GL50803_114915",2,0,3,,0,0
24062933,1895,GL50803_17260,2,0,3,,0,4
24063661,1898,GL50803_9829,2,0,3,,0,9
24063660,1904,GL50803_5800,2,0,0,,10,0
24068706,1905,GL50803_8074,2,0,0,,4,2
24070299,1906,GL50803_96537,2,7,0,,0,1
24062532,1913,GL50803_17258,2,0,0,,0,2
24066925,1925,GL50803_2970,2,0,0,,8,3
24065160,1927,GL50803_38462,2,0,5,,0,3
24062998,1931,GL50803_32398,2,0,0,,2,2
24065470,1938,GL50803_8460,2,0,0,,2,2
24062990,1943,GL50803_21750,2,0,0,,0,3
24065485,1961,GL50803_17622,2,0,0,,4,1
24062980,1968,GL50803_17172,2,0,7,,0,6
24064022,1969,GL50803_17408,2,0,2,,0,4
24065180,1983,GL50803_7723,2,0,1,,6,0
24065493,1989,GL50803_10238,2,0,2,,0,0
24064056,1990,GL50803_11713,2,0,0,,6,0
24065176,1997,GL50803_42368,2,0,1,,2,0
24064045,2008,GL50803_16214,2,0,0,,0,3
24065184,2013,GL50803_7909,2,7,3,,2,1
24065189,2015,GL50803_11034,2,0,0,,4,2
24065431,2016,GL50803_137749,2,0,1,,0,1
24066960,2019,GL50803_22027,2,0,3,,0,0
24065438,2020,GL50803_10013,2,0,5,,0,3
24062090,2028,GL50803_17046,2,0,7,,0,4
24020095,2036,GL50803_11107,2,0,1,,0,2
24065458,2053,GL50803_16802,2,0,0,,4,4
24064854,2069,GL50803_14135,2,0,1,,0,3
24066271,2079,GL50803_91220,2,0,2,,2,0
24066915,1,GL50803_3349,1,0,0,,0,1
24065268,11,GL50803_3449,1,0,0,,0,1
24054756,15,GL50803_19509,1,0,3,,2,0
24065257,21,GL50803_3098,1,0,0,,4,0
24060768,31,GL50803_6757,1,0,0,,4,1
24064266,35,GL50803_14937,1,0,5,,0,2
"2,406,700,024,069,960",39,"GL50803_114014,GL50803_111906",1,0,1,,0,0
"2,406,940,624,063,730",43,"GL50803_102444,GL50803_1713",1,0,0,,2,2
24065231,45,GL50803_5063,1,0,0,,0,2
24064244,53,GL50803_3978,1,0,0,,0,1
24064248,56,GL50803_8002,1,0,1,,0,0
24067573,57,GL50803_15456,1,0,1,,0,0
24067571,58,GL50803_15451,1,0,0,,0,3
24069304,60,GL50803_12867,1,0,0,,2,1
24069302,61,GL50803_17011,1,0,0,,4,0
24067583,67,GL50803_5002,1,0,0,,0,2
24064223,70,GL50803_8513,1,0,1,,4,0
24065201,71,GL50803_34906,1,0,0,,0,1
24064232,77,GL50803_10807,1,0,2,,0,2
24064237,81,GL50803_9618,1,0,0,,0,1
24064205,83,GL50803_11495,1,0,0,,0,1
24066316,87,GL50803_3589,1,0,0,,0,1
24064206,90,GL50803_5568,1,0,0,,0,2
24063154,94,GL50803_14167,1,0,1,,0,2
24063564,96,GL50803_15324,1,0,0,,6,1
24068670,97,GL50803_7696,1,0,0,,0,2
24064216,100,GL50803_16893,1,0,2,,6,1
"2,406,434,224,066,690",101,"GL50803_113450,GL50803_137606",1,21,1,,2,1
24064218,103,GL50803_22455,1,0,0,,0,1
24068674,105,GL50803_16021,1,0,8,,0,3
24063161,110,GL50803_17330,1,0,0,,0,3
24063167,111,GL50803_14960,1,0,0,,0,1
24063557,116,GL50803_16891,1,0,1,,8,1
24063133,122,GL50803_16149,1,0,0,,2,0
24069397,126,GL50803_6724,1,0,0,,4,0
24068695,131,GL50803_3341,1,0,0,,2,1
24068699,134,GL50803_15344,1,0,5,,0,4
24063535,139,GL50803_17393,1,0,0,,0,1
24063533,140,GL50803_15485,1,0,0,,0,1
24066354,143,GL50803_91187,1,7,0,,0,0
24062574,147,GL50803_8856,1,0,1,,0,2
24069785,149,GL50803_36426,1,0,1,,0,0
24062577,152,GL50803_14791,1,0,1,,0,0
24069788,153,GL50803_17532,1,0,1,,0,0
24066346,159,GL50803_38517,1,0,5,,4,4
24063594,170,GL50803_14694,1,0,1,,0,0
24070077,177,GL50803_17202,1,0,1,,0,0
24070072,182,GL50803_5821,1,0,2,,0,0
24062599,184,GL50803_6581,1,0,0,,0,1
24069770,185,GL50803_12905,1,14,0,,2,3
24062583,189,GL50803_15305,1,0,0,,0,3
24063189,190,GL50803_5458,1,0,1,,0,0
24070069,193,GL50803_14241,1,0,0,,0,1
24063185,194,GL50803_35094,1,0,1,,0,4
24070067,195,GL50803_8026,1,0,0,,4,1
24062587,200,GL50803_10459,1,0,1,,0,0
24062648,207,GL50803_5710,1,0,1,,0,0
847115,208,sp|THIO_HUMAN|,1,7,0,,0,0
24070162,210,GL50803_11178,1,0,0,,4,0
24070168,214,GL50803_10901,1,14,2,,2,2
24066388,216,GL50803_9487,1,0,3,,0,1
24063600,219,GL50803_7566,1,0,0,,4,2
24021649,221,GL50803_6751,1,0,1,,0,0
24062658,222,GL50803_10572,1,0,2,,0,0
24062650,224,GL50803_6317,1,0,1,,0,0
24066397,225,GL50803_114937,1,0,0,,0,1
24070140,238,GL50803_17447,1,0,0,,0,1
24068619,239,GL50803_9594,1,0,0,,4,0
24070144,242,GL50803_13201,1,0,1,,0,0
24068615,243,GL50803_13616,1,0,0,,2,0
24069717,248,GL50803_8770,1,0,0,,0,1
24065724,249,GL50803_102893,1,0,0,,0,2
24065721,251,GL50803_6589,1,0,1,,0,2
24066374,265,GL50803_15084,1,0,1,,0,0
24062671,268,GL50803_14341,1,0,2,,0,3
24062670,269,GL50803_7021,1,0,2,,2,0
24062608,270,GL50803_8048,1,0,1,,0,0
24063630,272,GL50803_15482,1,0,0,,0,2
24020968,273,GL50803_8075,1,0,1,,0,0
24070125,274,GL50803_92739,1,0,0,,0,2
24068635,277,GL50803_24423,1,0,1,,0,0
24070121,278,GL50803_15419,1,0,2,,0,0
24063640,283,GL50803_137734,1,0,2,,0,0
24062615,286,GL50803_89285,1,7,0,,0,0
24067199,288,GL50803_14195,1,0,0,,2,0
24067198,290,GL50803_102455,1,0,1,,0,0
24070137,293,GL50803_16127,1,0,5,,0,5
24068626,294,GL50803_14391,1,0,1,,0,0
24063649,298,GL50803_11497,1,0,1,,0,1
24068621,302,GL50803_33433,1,0,0,,0,1
24068620,303,GL50803_11436,1,0,0,,0,2
24062610,304,GL50803_13310,1,0,0,,0,1
24070510,309,GL50803_26129,1,0,1,,0,1
24067995,314,GL50803_26540,1,7,2,,2,1
24068657,323,GL50803_15585,1,0,0,,0,2
24070515,325,GL50803_16484,1,0,1,,2,1
"2,406,977,524,069,160",329,"GL50803_92892,GL50803_91127",1,0,0,,2,0
"2,407,007,124,065,360",332,"GL50803_137690,GL50803_113655",1,0,0,,4,0
24066898,335,GL50803_12091,1,0,1,,0,2
24063624,337,GL50803_7007,1,21,5,,6,6
24062633,345,GL50803_9858,1,0,0,,0,2
24070506,346,GL50803_13809,1,0,0,,2,0
24067174,351,GL50803_3983,1,0,0,,0,2
24067165,358,GL50803_8707,1,0,0,,2,0
24066863,363,GL50803_9894,1,0,0,,4,1
24067536,368,GL50803_15244,1,0,8,,0,6
24067539,369,GL50803_3763,1,0,1,,0,0
557538,370,sp|LYSC_HUMAN|,1,7,0,,0,0
24066870,374,GL50803_113023,1,0,0,,0,2
24046563,379,GL50803_16065,1,0,3,,0,1
24067152,382,GL50803_10361,1,0,0,,0,1
24067568,383,GL50803_3021,1,0,0,,2,0
24067143,386,GL50803_10711,1,0,0,,0,3
24067551,390,GL50803_9788,1,0,1,,0,0
24066859,394,GL50803_6408,1,0,0,,4,0
24067137,395,GL50803_115129,1,0,0,,0,1
24066852,399,GL50803_41569,1,0,0,,0,2
"2,406,640,324,066,950",402,"GL50803_113986,GL50803_115232",1,0,0,,2,0
24065298,403,GL50803_113788,1,0,1,,0,1
24067509,404,GL50803_9916,1,0,0,,4,0
24067501,405,GL50803_7593,1,0,2,,0,2
24052269,406,GL50803_6199,1,0,0,,0,1
24066839,412,GL50803_95406,1,0,2,,6,4
24066834,414,GL50803_24947,1,0,0,,10,0
24066835,417,GL50803_16522,1,0,0,,6,0
24067528,421,GL50803_5871,1,0,0,,2,0
24067108,425,GL50803_15285,1,0,1,,0,0
24067104,426,GL50803_91934,1,0,1,,0,0
24067102,428,GL50803_3760,1,0,0,,2,1
24067514,433,GL50803_6605,1,0,0,,0,2
24067515,434,GL50803_14252,1,0,0,,0,2
24060657,440,GL50803_10708,1,0,0,,0,2
24069203,441,GL50803_16339,1,0,1,,0,1
24065351,442,GL50803_13982,1,0,0,,0,2
23990161,443,GL50803_19230,1,0,0,,0,1
24055866,444,GL50803_91463,1,0,0,,0,1
24064159,447,GL50803_34850,1,0,3,,0,4
24021386,448,GL50803_89845,1,0,0,,0,1
24064170,452,GL50803_8348,1,0,0,,0,5
24065386,455,GL50803_14834,1,0,1,,0,0
24021358,459,GL50803_91712,1,0,1,,0,0
24065385,461,GL50803_14835,1,0,0,,4,0
24008747,463,GL50803_101339,1,0,0,,2,0
24069225,467,GL50803_14333,1,0,0,,4,0
"2,406,901,124,069,020",473,"GL50803_137679,GL50803_28126",1,0,1,,0,0
24063928,476,GL50803_89535,1,0,0,,0,1
24063923,480,GL50803_16599,1,0,1,,0,1
24067472,483,GL50803_5643,1,0,0,,6,0
24067477,489,GL50803_93550,1,0,1,,0,0
24005416,495,GL50803_88945,1,0,0,,2,0
24065323,496,GL50803_16803,1,0,5,,0,3
24037763,497,GL50803_11487,1,0,0,,0,1
24063915,499,GL50803_35341,1,0,1,,0,0
24047026,502,GL50803_9352,1,0,0,,0,2
24064116,506,GL50803_17298,1,0,0,,4,2
24067489,508,GL50803_14093,1,0,1,,0,0
24064127,513,GL50803_41619,1,0,1,,0,0
24065348,514,GL50803_16157,1,0,1,,0,1
24064120,516,GL50803_137733,1,0,0,,6,0
24065340,517,GL50803_34160,1,0,0,,0,2
24067458,518,GL50803_4324,1,0,0,,2,0
575788,521,sp|GELS_HUMAN|,1,0,0,,6,0
24063005,526,GL50803_17508,1,0,0,,0,1
24064137,527,GL50803_17413,1,0,0,,2,1
24067463,530,GL50803_17567,1,0,1,,0,0
24064132,536,GL50803_104866,1,35,1,,4,0
24063014,548,GL50803_15549,1,0,0,,2,0
24063016,552,GL50803_8627,1,0,2,,0,0
24069683,553,GL50803_15310,1,0,0,,0,1
24069690,555,GL50803_9116,1,0,0,,0,1
24069279,558,GL50803_101877,1,0,0,,0,4
24063023,559,GL50803_14083,1,0,1,,0,1
24029340,561,GL50803_102710,1,0,0,,10,0
24069676,564,GL50803_29436,1,0,1,,2,1
24063950,569,GL50803_114199,1,0,1,,4,1
24063030,572,GL50803_112932,1,0,0,,2,0
24068546,578,GL50803_4789,1,0,0,,2,1
24065307,579,GL50803_11897,1,0,1,,0,0
24065304,583,GL50803_24980,1,0,0,,0,2
24066438,585,GL50803_2362,1,0,0,,0,1
24063044,587,GL50803_14636,1,0,0,,0,4
24068555,588,GL50803_6422,1,0,0,,0,2
24063930,589,GL50803_14696,1,0,0,,0,1
24063937,595,GL50803_3036,1,0,0,,4,0
24063431,596,GL50803_31711,1,0,1,,0,0
24069645,597,GL50803_16996,1,0,0,,6,3
24063057,600,GL50803_4063,1,0,1,,2,0
24066454,601,GL50803_10939,1,0,0,,2,0
24063053,603,GL50803_113603,1,0,0,,0,1
24069238,606,GL50803_4059,1,0,0,,8,1
24069233,609,GL50803_9073,1,0,0,,0,1
24069631,616,GL50803_26287,1,0,1,,0,0
24069636,620,GL50803_92741,1,0,0,,2,0
24063064,621,GL50803_103205,1,0,1,,0,0
24066444,623,GL50803_112828,1,0,0,,0,1
24063063,624,GL50803_13133,1,0,0,,4,0
24069638,625,GL50803_8913,1,0,0,,0,1
24069244,627,GL50803_15958,1,0,0,,0,1
24069661,628,GL50803_24590,1,0,0,,4,1
24068586,631,GL50803_16307,1,0,0,,2,0
24068583,635,GL50803_4447,1,0,2,,0,0
24063074,639,GL50803_103202,1,0,1,,0,1
24066471,641,GL50803_7599,1,0,1,,0,0
24069264,643,GL50803_16791,1,0,0,,0,4
24069261,644,GL50803_4263,1,0,1,,0,0
24065705,648,GL50803_13346,1,0,2,,0,1
24065700,650,GL50803_11044,1,0,0,,6,0
24026925,652,GL50803_11712,1,0,0,,2,1
24068592,653,GL50803_16283,1,0,3,,0,1
24068598,657,GL50803_90665,1,0,1,,0,0
24069656,667,GL50803_8564,1,0,0,,2,1
24066470,677,GL50803_4820,1,0,0,,0,1
24069268,678,GL50803_16794,1,0,0,,2,0
24059017,679,GL50803_11621,1,0,3,,0,1
24063092,680,GL50803_8860,1,0,5,,0,1
24003132,686,GL50803_16671,1,0,5,,0,0
24062784,691,GL50803_5921,1,0,1,,0,1
24070439,692,GL50803_34058,1,0,0,,2,0
24069603,700,GL50803_23699,1,0,3,,0,0
24065607,705,GL50803_8210,1,0,0,,0,1
24066496,707,GL50803_24097,1,0,0,,0,1
24069607,709,GL50803_5183,1,0,0,,2,0
24070037,713,GL50803_5213,1,0,0,,2,0
24065611,722,GL50803_16540,1,0,0,,4,1
24069613,728,GL50803_16693,1,0,2,,0,2
24070040,729,GL50803_16463,1,0,0,,2,0
24062767,731,GL50803_17170,1,0,1,,0,0
24070042,732,GL50803_15250,1,0,2,,0,1
24062763,735,GL50803_87358,1,0,3,,0,0
24070446,736,GL50803_16954,1,0,0,,4,0
24070444,737,GL50803_16354,1,0,1,,0,0
850436,738,sp|TRY1_BOVIN|,1,42,0,,2,0
24065624,742,GL50803_13981,1,0,0,,0,1
24019953,747,GL50803_24636,1,0,2,,0,0
24069629,748,GL50803_21063,1,0,0,,2,0
24069627,752,GL50803_9746,1,0,1,,0,0
24062773,757,GL50803_2014,1,0,0,,0,1
24069620,758,GL50803_14098,1,0,3,,0,6
24067875,761,GL50803_3267,1,0,0,,6,0
24067068,762,GL50803_15602,1,0,2,,0,1
24067067,763,GL50803_15604,1,0,0,,0,1
24068535,769,GL50803_23655,1,0,1,,0,0
24062746,774,GL50803_14054,1,0,0,,0,1
24068536,777,GL50803_16297,1,0,0,,2,2
24065647,778,GL50803_4357,1,0,0,,4,0
24063502,781,GL50803_16863,1,0,0,,0,1
24067054,783,GL50803_17351,1,0,0,,2,0
24066775,785,GL50803_15991,1,0,5,,0,1
24066774,787,GL50803_23602,1,0,0,,8,0
24068938,788,GL50803_14869,1,0,0,,6,0
24062759,790,GL50803_22439,1,0,5,,0,3
24062754,796,GL50803_14015,1,0,0,,2,0
24063509,797,GL50803_114201,1,0,1,,0,1
24067064,799,GL50803_19631,1,0,0,,0,1
24067060,803,GL50803_13875,1,0,1,,0,2
24066788,805,GL50803_17579,1,0,0,,2,0
24063516,807,GL50803_6007,1,0,0,,2,0
24063510,808,GL50803_24712,1,0,1,,0,0
24063511,810,GL50803_27266,1,0,0,,4,0
24063512,812,GL50803_114209,1,0,3,,0,1
24066780,813,GL50803_15535,1,0,0,,6,3
24070413,818,GL50803_3957,1,0,0,,0,1
24066783,823,GL50803_4165,1,0,0,,0,1
24068517,834,GL50803_8410,1,0,0,,0,1
24068515,836,GL50803_96605,1,0,1,,0,0
24068514,838,GL50803_15101,1,0,0,,0,2
24070000,839,GL50803_21498,1,0,0,,2,0
24067096,840,GL50803_10423,1,0,0,,0,2
24065666,843,GL50803_15972,1,0,0,,0,1
24067861,851,GL50803_14213,1,0,0,,0,1
24070019,853,GL50803_15112,1,0,1,,0,1
24068911,855,GL50803_10530,1,0,1,,0,0
24068913,858,GL50803_10527,1,0,0,,2,0
24066794,864,GL50803_24512,1,0,1,,0,0
24068919,865,GL50803_16910,1,0,1,,0,0
553440,869,sp|UB2E1_HUMAN|,1,0,0,,2,0
"2,406,470,424,064,150",872,"GL50803_111806,GL50803_112059",1,0,2,,0,0
24067085,874,GL50803_40016,1,0,2,,0,1
24068507,875,GL50803_32419,1,0,1,,0,0
24070011,876,GL50803_8405,1,0,0,,2,0
24062702,879,GL50803_90418,1,0,5,,0,0
24062703,882,GL50803_5919,1,0,5,,0,0
24067830,884,GL50803_7843,1,0,0,,4,0
24068960,890,GL50803_11099,1,0,0,,0,1
24062713,894,GL50803_8058,1,0,1,,4,1
24067849,898,GL50803_6026,1,0,1,,0,1
23985911,902,GL50803_10810,1,0,0,,0,3
24065680,903,GL50803_114636,1,0,3,,0,1
24068976,904,GL50803_14855,1,0,1,,0,0
24066736,907,GL50803_41927,1,0,0,,4,0
24065689,911,GL50803_5489,1,0,0,,2,0
24067053,913,GL50803_6081,1,0,1,,0,0
24067420,914,GL50803_13890,1,0,0,,6,0
24067819,915,GL50803_9492,1,0,0,,0,2
24067424,916,GL50803_16663,1,0,0,,4,0
24068944,918,GL50803_39483,1,0,1,,0,0
24067812,920,GL50803_7611,1,0,0,,2,2
24067816,921,GL50803_13360,1,0,0,,0,2
24065698,925,GL50803_15329,1,0,0,,4,0
24067413,933,GL50803_11965,1,0,2,,0,2
24068957,934,GL50803_24818,1,0,1,,0,0
24068959,939,GL50803_89887,1,0,1,,0,2
24067828,941,GL50803_3746,1,0,1,,2,0
24066753,942,GL50803_21330,1,0,1,,0,1
24066754,943,GL50803_4606,1,0,0,,0,1
24066756,945,GL50803_3985,1,7,0,,6,0
24065397,949,GL50803_32741,1,0,0,,2,0
24067403,955,GL50803_2305,1,0,2,,0,0
24070469,958,GL50803_91844,1,14,3,,2,2
24067809,961,GL50803_15085,1,0,2,,0,2
24064184,963,GL50803_7009,1,0,0,,8,1
24067805,967,GL50803_14509,1,0,0,,0,1
24070466,969,GL50803_17278,1,0,5,,0,3
24067801,970,GL50803_13668,1,0,1,,0,0
24067002,981,GL50803_10299,1,0,0,,2,1
24067005,985,GL50803_17134,1,0,2,,0,2
24067004,986,GL50803_7082,1,0,0,,0,8
24067003,988,GL50803_5632,1,0,0,,2,0
24013781,989,GL50803_17146,1,0,0,,0,1
24070499,990,GL50803_5012,1,0,0,,2,0
24064997,991,GL50803_33022,1,0,0,,2,1
24064994,992,GL50803_17231,1,0,0,,2,0
24064992,993,GL50803_8204,1,0,0,,0,1
24064991,995,GL50803_8195,1,0,1,,0,0
24068993,996,"GL50803_120293,GL50803_120294",1,0,1,,0,1
24070489,998,GL50803_29252,1,7,1,,4,1
24067331,1006,GL50803_10765,1,0,0,,0,1
24064894,1011,GL50803_95563,1,0,1,,0,1
24066503,1015,GL50803_16369,1,0,0,,0,1
24063807,1025,GL50803_3951,1,0,0,,6,0
24067368,1029,GL50803_115138,1,0,1,,0,0
24064860,1031,GL50803_27520,1,0,0,,4,0
24065026,1038,GL50803_6439,1,0,0,,6,0
"2,406,257,524,063,180",1039,"GL50803_28651,GL50803_22553",1,0,1,,0,0
24065017,1040,GL50803_15134,1,0,1,,4,1
24067394,1047,GL50803_16500,1,0,0,,2,0
24069904,1054,GL50803_17446,1,0,2,,2,2
24053886,1059,GL50803_5249,1,0,1,,0,0
24069920,1064,GL50803_17068,1,0,0,,6,0
24066597,1065,GL50803_17585,1,0,0,,6,0
24063862,1072,GL50803_4498,1,0,1,,0,1
24068412,1078,GL50803_31455,1,0,0,,4,0
24066586,1081,GL50803_23597,1,0,0,,0,1
24066583,1084,GL50803_91295,1,0,2,,0,0
24069152,1086,GL50803_114242,1,0,1,,0,1
24064411,1089,GL50803_6126,1,0,0,,2,0
24069533,1091,GL50803_15110,1,0,0,,0,6
24069117,1095,GL50803_7765,1,0,1,,0,0
24069941,1097,GL50803_8781,1,0,5,,0,1
24069111,1099,GL50803_19189,1,0,0,,0,1
24066575,1103,GL50803_15192,1,0,0,,0,2
24063888,1107,GL50803_16708,1,0,0,,0,1
24066579,1108,GL50803_39843,1,0,1,,0,1
24069939,1115,GL50803_8433,1,0,0,,0,1
24069126,1119,GL50803_6294,1,0,0,,0,1
24069123,1121,GL50803_16811,1,0,2,,0,1
24069124,1122,GL50803_16817,1,0,0,,14,1
24069177,1129,GL50803_10055,1,0,2,,0,1
"2,406,315,924,063,990",1130,"GL50803_17333,GL50803_16456",1,0,0,,2,0
24063828,1134,GL50803_137730,1,0,2,,0,0
24063829,1136,GL50803_11752,1,0,1,,0,0
24069591,1137,GL50803_6564,1,0,0,,10,5
24063822,1141,GL50803_8003,1,0,0,,10,2
24066557,1142,GL50803_103365,1,0,0,,0,2
24066552,1144,GL50803_221692,1,0,1,,0,0
24016204,1146,GL50803_9506,1,0,0,,4,0
24069189,1148,GL50803_34126,1,0,2,,0,1
24069580,1152,GL50803_8821,1,0,0,,0,1
24066547,1157,GL50803_15126,1,0,1,,0,1
24069197,1161,GL50803_17541,1,0,2,,0,0
24069983,1165,GL50803_33863,1,0,1,,0,4
24069571,1167,GL50803_24330,1,0,1,,0,0
24066535,1170,GL50803_15574,1,0,0,,4,0
24069568,1171,GL50803_13412,1,0,0,,2,2
24069163,1183,GL50803_10524,1,7,0,,0,0
24069161,1185,GL50803_15239,1,0,1,,0,0
24066533,1186,GL50803_15042,1,0,0,,2,0
24062392,1187,GL50803_15546,1,0,0,,2,0
24069976,1188,GL50803_17025,1,0,0,,0,1
24023689,1195,GL50803_5988,1,0,1,,0,1
24000984,1197,GL50803_17123,1,0,1,,0,1
24068879,1199,GL50803_11442,1,0,0,,4,0
24070365,1202,GL50803_90236,1,0,2,,0,0
23987528,1209,GL50803_10229,1,0,2,,0,1
24069991,1215,GL50803_6933,1,0,0,,2,0
23984999,1217,GL50803_8880,1,0,2,,0,2
24065548,1231,GL50803_6055,1,0,0,,0,4
24070346,1238,GL50803_95001,1,0,1,,0,0
24068894,1239,GL50803_13903,1,0,0,,0,1
24065511,1246,GL50803_10871,1,0,1,,0,0
24025781,1248,GL50803_16936,1,0,3,,0,0
24070354,1250,GL50803_16650,1,0,0,,0,4
24069082,1251,GL50803_17195,1,0,0,,2,1
24022505,1254,GL50803_7990,1,0,0,,0,1
24070355,1258,GL50803_6531,1,0,0,,6,1
24068881,1260,GL50803_23235,1,0,0,,0,1
24067769,1262,GL50803_14950,1,0,0,,4,0
24067768,1263,GL50803_9421,1,0,0,,2,1
24067760,1268,GL50803_13455,1,0,1,,0,0
24063773,1271,GL50803_8799,1,0,0,,4,0
24068839,1273,GL50803_14905,1,0,3,,0,0
24067773,1275,GL50803_19023,1,0,1,,0,0
24062406,1276,GL50803_3581,1,0,1,,0,1
24062416,1277,GL50803_22629,1,0,0,,2,0
24062415,1279,GL50803_13797,1,0,0,,0,2
24062412,1282,GL50803_2285,1,0,0,,2,0
24068822,1284,GL50803_8819,1,0,0,,0,3
24065509,1286,GL50803_10879,1,0,0,,0,1
24068824,1290,GL50803_14360,1,0,1,,0,0
24062802,1293,GL50803_14745,1,7,0,,0,0
24069506,1294,GL50803_16792,1,0,1,,0,0
24068445,1298,GL50803_24582,1,0,0,,0,1
24062419,1299,GL50803_89112,1,0,0,,0,1
24062417,1300,GL50803_89117,1,0,0,,0,1
24062420,1301,GL50803_17264,1,0,1,,0,2
24063799,1302,GL50803_8587,1,0,0,,6,0
24062425,1303,GL50803_16435,1,0,0,,0,1
24070385,1305,GL50803_16130,1,0,1,,2,1
24042632,1309,GL50803_3559,1,0,0,,0,1
24067791,1313,GL50803_9262,1,0,0,,0,1
24062824,1326,GL50803_15962,1,0,0,,0,1
24065054,1334,GL50803_3414,1,0,0,,4,0
24064925,1337,GL50803_114698,1,0,0,,4,0
24062858,1339,GL50803_16069,1,0,0,,4,0
24064934,1342,GL50803_11055,1,0,2,,0,0
24065070,1345,GL50803_5842,1,0,2,,0,1
24065063,1348,GL50803_104984,1,0,0,,6,1
24061715,1350,GL50803_17227,1,0,5,,0,2
24036299,1351,GL50803_23496,1,0,0,,2,0
24064939,1352,GL50803_13601,1,0,1,,0,0
24062872,1357,GL50803_27364,1,0,6,,0,7
24062878,1359,GL50803_2013,1,0,5,,0,2
"2,406,630,824,067,540",1364,"GL50803_112018,GL50803_114043",1,0,1,,0,0
24064906,1365,GL50803_137748,1,0,1,,0,0
24064908,1366,GL50803_15515,1,0,1,,2,0
24065033,1369,GL50803_6752,1,0,0,,6,2
24065039,1370,GL50803_16478,1,0,0,,2,0
24065051,1371,GL50803_24979,1,0,0,,0,4
24064913,1373,GL50803_101450,1,0,0,,0,1
24061349,1382,GL50803_15442,1,0,2,,0,1
24058755,1383,GL50803_10136,1,0,0,,0,1
24062897,1387,GL50803_8063,1,0,1,,0,0
24014632,1395,GL50803_112875,1,0,1,,0,0
24065574,1396,GL50803_17187,1,0,0,,0,1
24065575,1397,GL50803_17190,1,0,0,,0,2
24067309,1409,GL50803_4156,1,0,0,,6,0
24064972,1415,GL50803_17091,1,0,0,,2,1
24067700,1416,GL50803_5258,1,0,0,,2,2
24064971,1418,GL50803_6366,1,0,0,,6,0
24067708,1422,GL50803_15078,1,0,0,,6,1
24070335,1424,GL50803_34151,1,0,0,,2,2
24070332,1425,GL50803_137689,1,0,2,,0,0
24067710,1428,GL50803_12235,1,0,0,,0,1
24064941,1429,GL50803_86444,1,0,0,,4,0
24065557,1431,GL50803_21603,1,0,3,,0,6
24032988,1433,GL50803_92134,1,0,0,,0,1
24065553,1435,GL50803_95549,1,0,0,,4,0
24036710,1436,GL50803_11190,1,0,0,,4,0
24067325,1438,GL50803_17000,1,0,1,,0,0
24067320,1439,GL50803_28657,1,0,0,,8,1
24065074,1441,GL50803_8982,1,0,3,,0,0
24065076,1442,GL50803_6345,1,0,1,,0,0
24067728,1448,GL50803_15392,1,0,2,,0,0
24065086,1452,GL50803_14713,1,0,0,,0,2
24066614,1454,GL50803_101326,1,0,0,,2,0
24067233,1456,GL50803_2876,1,0,0,,2,0
24066611,1457,GL50803_17129,1,0,0,,4,0
24064348,1462,GL50803_22504,1,0,5,,0,4
24046135,1467,GL50803_9355,1,0,0,,8,3
24064755,1470,GL50803_31671,1,0,0,,2,0
24064750,1474,GL50803_5158,1,0,0,,4,0
24066600,1477,GL50803_4033,1,0,1,,0,0
24069476,1480,GL50803_17285,1,0,0,,2,0
24064359,1481,GL50803_22587,1,0,1,,0,0
24064352,1486,GL50803_103849,1,0,1,,0,1
24064350,1487,GL50803_6509,1,0,1,,0,0
24063296,1492,GL50803_2173,1,0,2,,0,1
24067210,1500,GL50803_34094,1,0,0,,2,0
24065105,1501,GL50803_3291,1,0,0,,4,1
24064360,1503,GL50803_11763,1,0,0,,2,0
24066623,1513,GL50803_4239,1,0,0,,4,0
24067227,1520,GL50803_87022,1,0,3,,0,3
23982373,1521,GL50803_16701,1,0,1,,0,0
23982374,1522,GL50803_5171,1,0,0,,4,0
24066237,1523,GL50803_1937,1,0,3,,0,4
24065126,1531,GL50803_9003,1,0,1,,0,1
"2,407,019,824,063,660",1533,"GL50803_101496,GL50803_101010",1,0,1,,0,2
24067279,1535,GL50803_14492,1,0,0,,0,1
24064791,1540,GL50803_95717,1,0,0,,0,1
24064797,1542,GL50803_15432,1,0,1,,0,0
24064082,1546,GL50803_11499,1,0,0,,6,1
24064783,1551,GL50803_22268,1,0,0,,0,1
24064780,1556,GL50803_14519,1,0,1,,0,1
24064786,1557,GL50803_14742,1,0,0,,0,1
24065144,1558,GL50803_16034,1,0,2,,0,0
24067254,1562,GL50803_16841,1,0,2,,0,0
24039022,1563,GL50803_9072,1,0,1,,0,0
24048010,1568,GL50803_14055,1,0,1,,0,1
24065136,1571,GL50803_137755,1,0,1,,0,1
24067270,1576,GL50803_104087,1,0,3,,0,0
24070193,1583,GL50803_17119,1,0,0,,0,4
24070190,1586,GL50803_16736,1,0,1,,0,0
24063765,1589,GL50803_14681,1,0,0,,2,0
24069006,1600,GL50803_14327,1,0,1,,0,2
24066690,1607,GL50803_8892,1,0,0,,0,2
24063753,1619,GL50803_7505,1,0,1,,0,0
24069018,1627,GL50803_114535,1,0,0,,4,1
24063743,1633,GL50803_8842,1,0,0,,0,1
24063744,1635,GL50803_96818,1,0,3,,0,0
24069429,1637,GL50803_15196,1,0,0,,4,0
24069427,1638,GL50803_16427,1,0,0,,2,0
24069028,1646,GL50803_6177,1,14,0,,6,1
23990802,1649,GL50803_8691,1,0,0,,0,1
24069410,1653,GL50803_17461,1,0,9,,0,3
24063734,1656,GL50803_2933,1,0,0,,2,0
24063722,1677,GL50803_17405,1,0,0,,0,1
24066656,1679,GL50803_13876,1,0,0,,0,4
24064306,1680,GL50803_8329,1,0,1,,2,3
24063724,1682,GL50803_17403,1,0,0,,2,0
24063725,1685,GL50803_11319,1,0,0,,2,0
24064303,1686,GL50803_9133,1,0,6,,0,4
24063720,1688,GL50803_25296,1,0,1,,0,0
24069857,1689,GL50803_9210,1,0,0,,0,4
24069854,1692,GL50803_17198,1,0,1,,0,0
24064319,1700,GL50803_8794,1,14,0,,2,2
24069433,1706,GL50803_11177,1,0,1,,0,1
24066649,1707,GL50803_40995,1,0,3,,6,3
24061916,1713,GL50803_16985,1,0,0,,0,1
24061915,1714,GL50803_12163,1,0,1,,0,1
24066675,1726,GL50803_29796,1,14,1,,0,1
24050674,1732,GL50803_7570,1,0,0,,0,1
24069463,1734,GL50803_8428,1,0,0,,0,1
24063700,1735,GL50803_10676,1,0,1,,0,0
24069467,1739,GL50803_11105,1,0,0,,0,1
24069070,1751,GL50803_2366,1,0,2,,0,2
24064331,1753,GL50803_13604,1,0,0,,0,2
24064335,1756,GL50803_113415,1,0,0,,8,1
24066668,1761,GL50803_9912,1,0,0,,0,1
24061921,1762,GL50803_12160,1,0,3,,0,2
24069458,1766,GL50803_113865,1,0,1,,2,2
24062500,1770,GL50803_10256,1,0,0,,2,0
24062501,1771,GL50803_113137,1,0,0,,0,1
24062912,1774,GL50803_14004,1,0,0,,0,1
24062914,1775,GL50803_112885,1,0,0,,0,2
24016437,1776,GL50803_16266,1,0,0,,4,0
24070229,1780,GL50803_8731,1,0,1,,0,0
24067632,1781,GL50803_17578,1,0,1,,0,1
24061901,1785,GL50803_101994,1,0,1,,0,0
24062508,1786,GL50803_8061,1,0,0,,0,2
24062903,1794,GL50803_4204,1,0,0,,4,2
24062908,1798,GL50803_8616,1,0,0,,4,0
24070235,1799,GL50803_16386,1,0,1,,0,1
24070234,1800,"GL50803_121062,GL50803_121061",1,0,0,,4,0
24067642,1802,GL50803_27694,1,0,0,,2,0
24070238,1803,GL50803_14546,1,0,0,,0,1
24065408,1804,GL50803_24734,1,0,0,,2,2
24065403,1808,GL50803_6469,1,0,3,,0,2
24062518,1809,GL50803_14451,1,0,1,,0,2
24062517,1810,GL50803_16722,1,0,0,,2,0
24070247,1819,GL50803_3158,1,0,0,,4,0
24065413,1822,GL50803_16143,1,0,0,,2,0
24070249,1824,GL50803_17527,1,0,5,,0,0
24069878,1829,GL50803_6735,1,0,3,,0,0
"2,406,524,924,067,460",1830,"GL50803_96370,GL50803_111935",1,7,0,,0,0
24068745,1832,GL50803_8725,1,0,3,,0,2
"2,406,303,724,069,510",1838,"GL50803_137692,GL50803_137699",1,0,1,,0,1
23995058,1845,GL50803_7373,1,0,6,,0,2
24062958,1849,GL50803_94322,1,0,0,,0,1
24070268,1852,GL50803_13661,1,0,1,,0,4
24047182,1853,GL50803_5554,1,0,2,,0,0
24063677,1856,GL50803_16642,1,0,0,,0,1
24067674,1860,GL50803_38637,1,0,2,,0,0
24067670,1861,GL50803_11139,1,0,0,,0,1
24067673,1863,GL50803_11131,1,0,0,,2,0
24068724,1870,GL50803_95162,1,0,0,,2,1
24068725,1871,GL50803_8037,1,0,2,,0,6
24063687,1873,GL50803_8949,1,0,2,,0,1
24063686,1874,GL50803_8944,1,0,0,,2,0
24063689,1877,GL50803_8586,1,0,0,,0,1
24062556,1878,GL50803_24485,1,0,0,,0,5
24013061,1880,GL50803_2538,1,0,1,,0,1
24061890,1882,GL50803_4554,1,0,0,,0,1
758285,1888,sp|CASB_BOVIN|,1,35,0,,8,0
24062524,1889,GL50803_3202,1,0,1,,0,0
24063658,1890,GL50803_16607,1,0,0,,2,0
24007377,1891,GL50803_7559,1,0,0,,0,1
24061885,1894,GL50803_13652,1,0,0,,0,3
24068702,1899,GL50803_14649,1,0,1,,0,1
24068704,1902,GL50803_90195,1,0,2,,0,0
24070296,1907,GL50803_5522,1,0,0,,0,1
24070294,1908,GL50803_41304,1,0,1,,0,0
24063667,1910,GL50803_37452,1,0,0,,2,0
24062535,1911,GL50803_113616,1,0,0,,0,2
24062531,1914,GL50803_23897,1,0,0,,6,1
24067660,1921,GL50803_14983,1,14,0,,4,0
24067666,1922,GL50803_92518,1,0,2,,0,0
24062038,1923,GL50803_95789,1,0,0,,0,1
24066299,1935,GL50803_7865,1,0,0,,4,0
24062991,1940,GL50803_10450,1,0,0,,0,2
24062044,1941,GL50803_95786,1,0,5,,0,0
24065159,1945,GL50803_5435,1,0,0,,2,1
24033684,1947,GL50803_16894,1,0,0,,2,0
24066937,1955,GL50803_14413,1,0,2,,4,2
24066288,1959,GL50803_88369,1,0,0,,2,0
24062052,1962,GL50803_32032,1,0,0,,6,0
24066285,1965,GL50803_12218,1,0,1,,0,0
24064025,1966,GL50803_11342,1,0,0,,0,3
24065162,1974,GL50803_137750,1,0,1,,0,1
24065163,1975,GL50803_113723,1,0,3,,0,2
24061843,1978,GL50803_87472,1,0,1,,0,0
24066941,1979,GL50803_8716,1,0,0,,4,0
24065181,1981,GL50803_7721,1,0,1,,0,1
24065492,1987,GL50803_10239,1,0,1,,0,0
24064061,1995,GL50803_7663,1,0,0,,4,0
24064807,2000,GL50803_113522,1,0,0,,0,1
24064814,2001,GL50803_38104,1,0,0,,0,4
24062966,2003,GL50803_35670,1,0,0,,2,0
24064042,2009,GL50803_114210,1,0,2,,0,1
24064043,2010,GL50803_101832,1,0,2,,0,0
24065434,2021,GL50803_19378,1,0,3,,8,2
24067200,2026,GL50803_22003,1,0,1,,0,0
24067608,2030,GL50803_33592,1,0,1,,0,1
24066243,2032,GL50803_2860,1,0,6,,0,2
24014528,2035,GL50803_5661,1,7,0,,4,0
24065833,2040,GL50803_108654,1,0,1,,0,1
"2,406,561,424,061,940",2042,"GL50803_103437,GL50803_112682",1,0,0,,0,10
24065451,2043,GL50803_5787,1,0,0,,4,5
24064014,2044,GL50803_25035,1,0,0,,0,1
24064013,2046,GL50803_14436,1,0,2,,0,0
24066279,2048,GL50803_9896,1,0,0,,0,5
24065456,2051,GL50803_11557,1,0,0,,2,0
24070203,2060,GL50803_14857,1,0,1,,0,1
24070204,2061,GL50803_13524,1,0,0,,0,1
24014107,2062,GL50803_16111,1,0,0,,2,0
24065462,2065,GL50803_6592,1,21,2,,2,3
24064855,2067,GL50803_13851,1,0,0,,0,1
24070216,2068,GL50803_16085,1,0,0,,0,1
24064851,2072,GL50803_14661,1,0,0,,4,3
24070211,2076,GL50803_2732,1,0,0,,2,0
24064859,2077,GL50803_13832,1,0,0,,2,0
