ProteinGroupID,Fasta ID,NumSeq,rac_troph,wt_troph,rac_encyst,wt_encyst
209,GL50803_137716,142,374,1597,412,1176
1819,GL50803_10167,66,211,153,92,118
1700,GL50803_102108,63,294,130,171,136
1408,GL50803_17121,61,421,413,262,297
342,GL50803_94440,59,107,14,66,15
47,GL50803_14373,55,225,316,244,340
1095,GL50803_103059,54,130,28,79,76
145,GL50803_88765,53,180,376,269,340
333,sp|K2C1_HUMAN|,52,192,989,87,599
1219,GL50803_40496,52,102,14,60,25
1057,GL50803_114609,51,115,283,177,317
1403,GL50803_16867,51,208,167,188,149
1498,GL50803_113892,50,308,65,195,55
1202,GL50803_9413,48,467,125,307,118
337,GL50803_100906,47,81,5,46,25
676,GL50803_16343,47,80,218,113,186
517,GL50803_113677,46,72,88,81,96
624,GL50803_9183,45,40,33,104,106
640,GL50803_9909,45,63,130,158,151
930,sp|ALBU_BOVIN|,45,80,269,170,388
583,GL50803_16745,44,71,293,81,214
1409,GL50803_87039,44,102,5,10,5
1789,GL50803_41212,44,32,181,61,126
1856,GL50803_93736,44,100,14,48,13
164,GL50803_17478,43,81,9,28,3
1290,GL50803_21118,43,290,37,165,45
725,GL50803_112103,42,97,334,247,277
1427,GL50803_4812,42,283,237,160,191
471,GL50803_92246,41,156,9,87,28
469,GL50803_16804,40,88,37,57,73
973,GL50803_17249,40,39,65,54,63
1382,GL50803_17570,40,78,135,164,201
1192,sp|K22E_HUMAN|,39,88,645,40,368
802,GL50803_17265,38,87,56,59,68
836,GL50803_93358,38,82,269,135,254
1806,"GL50803_112304,GL50803_112312",38,111,116,247,164
455,GL50803_15317,36,82,28,114,60
1693,GL50803_21505,36,110,42,80,78
486,GL50803_27310,35,10,42,56,96
781,GL50803_9062,35,230,46,174,23
887,GL50803_17063,35,30,125,117,161
963,GL50803_21628,35,129,241,110,146
975,GL50803_16318,35,0,0,98,8
475,GL50803_10311,34,114,334,231,282
574,GL50803_9593,34,139,28,54,20
784,GL50803_27925,34,41,111,106,103
1143,sp|K1C10_HUMAN|,34,129,757,69,413
1500,GL50803_96732,34,95,14,21,10
659,GL50803_11654,33,376,251,305,138
677,GL50803_137617,33,32,590,17,315
1390,GL50803_103373,33,212,121,303,86
1484,GL50803_23833,33,137,65,76,68
1737,GL50803_13864,33,87,102,112,93
60,GL50803_86511,32,17,33,79,86
547,GL50803_9861,32,130,260,120,227
713,GL50803_114787,32,242,228,314,113
894,GL50803_9719,32,212,56,146,76
510,GL50803_137618,31,55,529,39,280
724,GL50803_11953,31,100,37,56,35
750,GL50803_17230,31,175,116,126,55
893,sp|K1C9_HUMAN|,31,89,441,42,214
970,GL50803_113722,31,58,5,20,3
1320,GL50803_86676,31,218,65,117,33
1214,GL50803_8496,30,309,42,189,55
1629,GL50803_6226,30,49,153,87,108
10,GL50803_101074,29,39,520,21,259
653,GL50803_15054,29,40,33,41,35
1660,GL50803_16125,29,16,70,65,60
1803,GL50803_32999,29,97,56,38,30
234,GL50803_88082,28,78,28,51,20
1374,GL50803_7796,28,180,51,159,60
1625,GL50803_15591,28,48,42,50,50
166,GL50803_114626,27,29,5,47,8
783,GL50803_9515,27,43,9,33,18
878,GL50803_16525,27,48,107,73,126
1437,GL50803_16412,27,13,93,63,116
1630,GL50803_16353,27,196,28,81,28
212,GL50803_5603,26,65,33,17,18
472,GL50803_13922,26,120,19,88,28
621,GL50803_114776,26,70,28,73,43
986,GL50803_21411,26,41,0,55,15
1145,GL50803_12102,26,58,135,95,113
1668,GL50803_6687,26,63,139,166,128
380,"GL50803_115478,GL50803_115479",25,51,42,49,63
394,GL50803_15567,25,198,23,136,23
885,GL50803_112846,25,68,5,17,5
391,GL50803_17476,24,21,0,35,5
436,GL50803_13475,24,35,167,41,133
1102,GL50803_32778,24,38,51,50,53
1154,GL50803_11118,24,44,74,113,108
1319,GL50803_13608,24,24,28,72,103
1349,GL50803_32509,24,50,0,31,8
1556,GL50803_101278,24,13,28,65,98
330,GL50803_113531,23,29,5,44,8
386,GL50803_21942,23,23,176,75,151
855,GL50803_11043,23,35,153,100,144
992,GL50803_111950,23,34,0,20,0
1122,GL50803_10778,23,65,0,88,0
1334,GL50803_14200,23,72,37,36,18
1796,GL50803_13584,23,24,125,57,93
1818,GL50803_10521,23,73,23,86,63
613,GL50803_93275,22,51,0,26,8
1025,GL50803_16425,22,48,0,29,5
1383,GL50803_14859,22,10,28,59,40
1615,GL50803_5795,22,54,14,63,20
1661,GL50803_98054,22,90,116,100,128
1666,GL50803_16667,22,7,28,48,40
1890,GL50803_4410,22,112,51,60,50
556,GL50803_6430,21,52,214,82,196
714,GL50803_15106,21,68,37,35,23
840,GL50803_14856,21,94,9,23,5
1379,GL50803_9030,21,55,139,65,154
1582,GL50803_15411,21,67,56,70,50
1859,GL50803_16592,21,24,0,18,5
619,"GL50803_136021,GL50803_101291,GL50803_136020",20,63,74,137,86
626,GL50803_11390,20,113,33,92,33
664,GL50803_11992,20,11,51,39,78
816,GL50803_15213,20,95,9,69,18
907,GL50803_101138,20,32,0,15,0
1100,GL50803_91480,20,54,0,2,0
1171,GL50803_12108,20,13,28,35,53
1224,GL50803_16453,20,60,186,112,186
1344,GL50803_8855,20,60,46,29,13
1523,GL50803_94287,20,40,0,18,18
1735,GL50803_17327,20,211,149,153,73
1745,GL50803_9808,20,107,37,67,30
1760,GL50803_113319,20,35,5,6,5
524,GL50803_15409,19,81,121,114,121
555,GL50803_17547,19,58,102,66,91
760,GL50803_32658,19,43,5,56,15
883,GL50803_102101,19,46,23,19,8
906,"GL50803_112079,GL50803_103676",19,70,74,116,113
987,GL50803_16124,19,16,33,37,28
1032,GL50803_90872,19,24,37,77,71
1148,GL50803_14285,19,9,74,72,98
1388,GL50803_10885,19,16,56,17,88
1530,GL50803_7188,19,41,0,53,0
1864,GL50803_33769,19,46,153,79,184
1933,GL50803_14620,19,64,79,90,60
176,GL50803_7439,18,34,0,49,15
315,GL50803_21444,18,6,28,27,53
502,GL50803_137753,18,24,46,23,15
576,GL50803_10577,18,44,37,34,18
610,GL50803_21423,18,43,5,44,25
741,GL50803_96670,18,39,23,30,13
767,GL50803_17153,18,73,139,94,116
947,GL50803_103454,18,31,0,50,0
1322,GL50803_15214,18,38,9,33,18
1814,GL50803_24842,18,38,19,17,15
156,GL50803_101810,17,48,14,33,15
168,GL50803_113133,17,14,14,38,18
295,GL50803_9751,17,86,23,55,25
314,GL50803_9780,17,132,14,72,15
319,GL50803_16507,17,52,0,57,0
335,GL50803_9779,17,27,125,59,106
397,GL50803_16824,17,39,28,40,40
415,GL50803_6617,17,80,28,57,28
496,GL50803_15383,17,37,121,86,113
773,GL50803_11309,17,0,0,37,10
990,GL50803_17395,17,30,23,42,50
1164,GL50803_15832,17,32,33,37,50
1387,GL50803_17243,17,19,5,17,23
1563,GL50803_15048,17,1,0,30,25
1797,GL50803_16636,17,192,60,65,33
1908,GL50803_17244,17,30,88,46,53
340,GL50803_9704,16,15,46,51,65
343,GL50803_113021,16,14,65,5,50
373,GL50803_12150,16,9,51,43,73
493,GL50803_17411,16,29,56,36,73
512,GL50803_101212,16,30,0,23,5
720,GL50803_12216,16,38,14,46,8
769,GL50803_17060,16,6,46,43,50
995,GL50803_5359,16,29,46,27,28
1066,GL50803_7999,16,40,65,61,63
1098,GL50803_21943,16,71,23,36,13
1188,GL50803_33660,16,34,0,16,5
1527,GL50803_112681,16,38,37,56,33
1566,GL50803_17254,16,11,19,37,53
1651,GL50803_16265,16,39,74,58,58
1798,GL50803_32399,16,89,9,48,5
9,GL50803_137727,15,7,5,19,5
173,GL50803_8854,15,15,37,13,43
308,GL50803_16916,15,22,0,17,3
359,GL50803_17482,15,11,46,36,45
371,GL50803_12109,15,60,0,39,0
437,GL50803_3643,15,5,9,42,18
446,GL50803_4767,15,105,19,53,10
501,GL50803_15097,15,60,42,30,28
513,GL50803_8822,15,2,37,30,63
521,GL50803_115052,15,16,5,26,20
525,GL50803_11397,15,14,28,44,48
682,GL50803_27717,15,17,0,48,3
733,GL50803_17090,15,22,28,50,50
736,GL50803_5942,15,40,98,32,48
945,GL50803_103713,15,39,19,55,63
1268,GL50803_17105,15,26,9,18,13
1276,GL50803_14521,15,157,135,244,113
1288,GL50803_88581,15,65,5,43,13
1294,GL50803_15148,15,29,19,22,15
1493,GL50803_10255,15,18,65,48,86
1546,GL50803_7287,15,66,14,39,15
1554,GL50803_16342,15,18,0,6,5
1588,GL50803_15410,15,44,14,61,35
1603,GL50803_8118,15,49,33,62,45
1686,GL50803_6464,15,7,9,14,25
110,GL50803_8377,14,64,42,59,18
128,GL50803_17430,14,9,23,18,38
428,GL50803_10231,14,14,19,31,35
444,GL50803_5744,14,73,5,54,13
514,GL50803_8826,14,15,0,54,28
540,GL50803_3822,14,5,33,22,35
573,GL50803_14993,14,1,5,30,10
591,GL50803_7244,14,105,74,64,55
622,GL50803_2562,14,37,0,13,0
703,GL50803_7242,14,56,51,22,20
813,GL50803_9558,14,229,28,121,40
1182,GL50803_16716,14,32,0,23,5
1441,GL50803_103125,14,44,0,10,3
1467,GL50803_17054,14,34,51,39,50
1489,GL50803_16387,14,21,56,38,65
1516,GL50803_11684,14,40,0,43,8
1602,GL50803_137613,14,130,0,99,0
1638,GL50803_5809,14,25,0,25,13
1840,GL50803_16679,14,57,9,19,5
69,GL50803_7532,13,18,14,39,25
74,GL50803_92223,13,34,0,19,13
178,GL50803_16076,13,149,135,234,111
220,GL50803_16653,13,33,14,32,25
245,GL50803_1345,13,34,111,49,93
389,GL50803_93548,13,29,19,43,13
411,GL50803_111933,13,21,190,8,96
571,GL50803_14071,13,40,5,26,3
697,GL50803_16720,13,30,9,19,5
766,GL50803_13998,13,5,5,25,15
814,GL50803_17429,13,22,0,6,0
876,GL50803_94463,13,24,42,21,28
879,GL50803_19436,13,37,70,45,65
908,GL50803_112076,13,1,5,11,18
928,GL50803_15251,13,63,121,33,86
1168,GL50803_10661,13,1,5,14,5
1175,GL50803_16936,13,2,0,18,0
1353,GL50803_16513,13,19,0,9,3
1371,GL50803_93002,13,18,0,6,3
1417,GL50803_11247,13,16,60,30,43
1469,GL50803_7204,13,34,60,40,55
1482,GL50803_137606,13,18,125,17,78
1483,GL50803_91919,13,13,0,30,20
1552,GL50803_114671,13,7,0,15,10
1642,GL50803_11683,13,23,19,58,38
1674,GL50803_13561,13,60,116,67,103
21,GL50803_6184,12,13,14,34,33
33,GL50803_10870,12,5,14,14,30
41,GL50803_6372,12,35,9,26,5
46,GL50803_7130,12,19,14,11,8
98,GL50803_17332,12,18,19,24,18
117,GL50803_15869,12,24,46,37,76
127,GL50803_11720,12,29,9,13,15
251,GL50803_8464,12,37,0,9,0
443,GL50803_15983,12,3,9,19,30
545,GL50803_14938,12,25,19,42,38
569,GL50803_14058,12,24,5,15,5
594,GL50803_114777,12,48,0,37,3
657,GL50803_13329,12,50,9,23,20
709,GL50803_4547,12,30,46,39,48
869,GL50803_16356,12,30,5,11,5
935,GL50803_10428,12,13,60,27,48
950,GL50803_11359,12,34,23,61,33
984,GL50803_14551,12,39,19,31,13
1013,GL50803_9489,12,65,0,35,15
1083,GL50803_9115,12,10,42,32,55
1106,GL50803_30476,12,104,0,65,3
1265,GL50803_17163,12,25,172,64,174
1507,GL50803_8426,12,42,5,19,8
1620,GL50803_10822,12,18,46,34,40
1679,GL50803_33689,12,3,42,19,40
1740,GL50803_95162,12,3,5,28,20
1742,GL50803_16310,12,23,28,29,55
1788,GL50803_7126,12,35,0,27,0
1824,GL50803_10358,12,8,5,32,63
1870,GL50803_101832,12,24,0,24,0
1883,GL50803_3206,12,3,5,24,13
48,GL50803_39312,11,18,5,2,3
202,GL50803_6917,11,54,46,19,20
297,GL50803_16721,11,27,5,8,0
302,GL50803_16202,11,17,0,18,3
347,GL50803_10429,11,15,28,44,50
365,GL50803_17432,11,5,9,16,28
440,GL50803_13766,11,16,28,16,25
466,GL50803_3331,11,3,33,24,43
600,GL50803_2107,11,35,19,21,13
605,GL50803_7031,11,8,9,10,10
620,GL50803_8805,11,18,9,16,23
634,GL50803_14329,11,23,60,26,45
648,GL50803_1695,11,32,5,15,5
652,GL50803_15334,11,18,0,15,0
826,GL50803_17565,11,14,14,19,18
846,GL50803_14758,11,35,0,4,3
851,GL50803_16595,11,10,33,11,30
859,GL50803_9827,11,18,33,25,33
955,GL50803_23888,11,52,33,27,18
1001,GL50803_33218,11,6,9,18,15
1105,GL50803_17055,11,3,0,24,13
1203,GL50803_13500,11,23,0,28,13
1246,GL50803_5649,11,3,5,19,18
1253,GL50803_8462,11,21,42,24,40
1305,GL50803_7870,11,21,51,30,58
1311,GL50803_24537,11,1,19,13,48
1316,GL50803_91099,11,22,0,7,0
1392,GL50803_15398,11,27,33,21,28
1459,GL50803_103709,11,10,5,18,10
1509,GL50803_15988,11,30,5,26,0
1534,GL50803_4883,11,16,5,8,0
1540,GL50803_15240,11,42,0,11,0
1592,GL50803_7260,11,3,37,34,53
1599,GL50803_16532,11,15,0,8,3
1716,GL50803_14568,11,32,5,25,3
1826,GL50803_17551,11,3,9,15,10
1835,GL50803_114498,11,19,5,5,5
1842,GL50803_11540,11,56,19,17,18
1919,GL50803_113987,11,15,0,38,5
3,sp|K1C15_SHEEP|,10,15,139,11,73
90,GL50803_137703,10,15,0,27,5
122,GL50803_5883,10,17,23,18,18
170,GL50803_93938,10,5,28,24,50
174,GL50803_25238,10,18,0,5,0
236,GL50803_4266,10,14,0,11,5
276,GL50803_103285,10,10,28,7,13
285,GL50803_15551,10,32,56,24,35
329,GL50803_112518,10,7,9,18,23
344,GL50803_7306,10,30,65,8,23
352,GL50803_29487,10,19,5,27,8
382,GL50803_16404,10,123,42,59,60
448,GL50803_3593,10,10,9,37,28
451,GL50803_24372,10,47,14,24,10
463,GL50803_8978,10,18,70,16,33
503,GL50803_15297,10,8,37,26,48
538,GL50803_8407,10,9,23,30,45
563,GL50803_3910,10,11,37,57,38
579,GL50803_16086,10,25,28,33,30
585,GL50803_113213,10,8,5,17,5
597,GL50803_17224,10,25,9,18,25
658,GL50803_8227,10,23,0,9,0
735,GL50803_14963,10,5,19,12,25
743,GL50803_2549,10,16,0,7,0
770,GL50803_7588,10,22,42,21,40
794,GL50803_113553,10,10,19,25,18
860,GL50803_102813,10,8,33,21,48
911,GL50803_14614,10,11,14,42,35
1011,GL50803_101501,10,2,14,12,23
1070,GL50803_10698,10,25,14,18,13
1162,"GL50803_121046,GL50803_121045",10,38,70,42,40
1184,GL50803_8917,10,16,9,25,15
1209,GL50803_18470,10,24,0,15,5
1242,GL50803_15520,10,14,23,23,45
1293,GL50803_26364,10,23,14,10,15
1363,GL50803_100864,10,34,5,28,15
1486,GL50803_22543,10,6,9,17,38
1528,GL50803_14702,10,6,23,7,15
1562,GL50803_86681,10,6,5,9,13
1580,GL50803_22850,10,1,0,20,8
1614,GL50803_16660,10,18,0,7,0
1640,GL50803_10856,10,23,0,11,10
1645,GL50803_8174,10,5,14,23,30
1652,GL50803_14699,10,25,46,49,23
1665,GL50803_14622,10,17,37,28,30
1682,GL50803_95192,10,15,9,16,5
1715,GL50803_16652,10,25,23,39,38
1729,GL50803_7195,10,7,5,22,10
1733,GL50803_9485,10,22,5,1,0
1743,GL50803_113416,10,16,0,2,0
1749,GL50803_8360,10,2,14,10,15
1758,GL50803_15954,10,33,0,23,0
1787,GL50803_137612,10,13,84,6,38
1848,GL50803_7309,10,26,9,13,10
1869,GL50803_114210,10,18,0,25,5
32,GL50803_16298,9,9,0,13,10
72,GL50803_15247,9,6,0,12,30
106,GL50803_12999,9,46,5,16,23
109,GL50803_24279,9,14,0,8,0
115,GL50803_10091,9,29,65,33,28
143,GL50803_97219,9,19,42,26,40
223,GL50803_14961,9,13,0,8,0
242,GL50803_10538,9,13,9,13,20
244,GL50803_8152,9,23,0,11,3
247,GL50803_102023,9,1,9,9,38
265,GL50803_24425,9,23,5,12,3
306,GL50803_16717,9,0,9,24,33
470,"GL50803_135231,GL50803_14212",9,21,9,26,23
478,GL50803_29147,9,58,14,42,13
515,GL50803_16431,9,21,56,25,35
543,GL50803_6330,9,2,42,15,35
691,GL50803_96399,9,30,0,7,3
700,GL50803_15215,9,21,0,25,0
737,GL50803_10181,9,25,5,9,5
795,GL50803_104250,9,8,37,53,43
821,GL50803_32571,9,31,9,18,8
862,GL50803_17255,9,14,9,16,10
863,GL50803_15476,9,7,0,18,0
880,GL50803_7233,9,11,9,9,13
976,GL50803_16504,9,13,23,4,20
1116,GL50803_3896,9,46,19,32,23
1117,GL50803_15035,9,23,5,10,0
1204,GL50803_16044,9,24,9,20,13
1239,GL50803_10570,9,5,9,11,20
1241,GL50803_4652,9,16,19,25,13
1250,GL50803_17342,9,31,0,25,0
1273,GL50803_95593,9,3,9,23,25
1466,GL50803_115066,9,8,0,4,0
1502,GL50803_16588,9,26,98,65,68
1506,GL50803_5927,9,14,0,9,5
1548,GL50803_13273,9,10,23,10,28
1601,GL50803_91643,9,2,19,8,20
1654,GL50803_15156,9,16,0,12,3
1762,GL50803_8682,9,5,9,15,28
1770,GL50803_9825,9,8,0,12,0
1812,GL50803_17053,9,2,5,20,13
1839,GL50803_8702,9,18,0,10,8
1897,GL50803_15522,9,51,0,10,0
5,GL50803_9060,8,23,0,11,5
19,GL50803_9750,8,16,0,15,3
31,GL50803_8172,8,9,5,16,13
83,GL50803_5947,8,9,56,25,35
101,GL50803_16889,8,10,23,4,13
148,GL50803_33862,8,14,37,27,23
216,GL50803_112063,8,34,0,21,3
246,GL50803_17223,8,5,5,9,8
263,GL50803_14670,8,24,9,27,55
269,GL50803_16483,8,39,9,25,15
270,GL50803_16760,8,2,28,6,23
313,GL50803_113622,8,7,0,11,8
345,GL50803_5810,8,17,5,44,30
405,GL50803_4627,8,11,0,6,0
464,GL50803_14017,8,2,0,20,0
507,GL50803_17192,8,13,0,7,0
532,GL50803_4197,8,0,0,16,10
537,GL50803_9503,8,42,0,27,0
572,GL50803_4149,8,1,5,9,10
643,GL50803_13272,8,2,28,24,28
796,GL50803_12139,8,3,9,10,23
858,GL50803_9276,8,0,0,7,25
929,GL50803_15204,8,29,9,28,13
951,GL50803_11354,8,13,14,28,23
1006,GL50803_6170,8,27,9,8,3
1092,GL50803_14827,8,16,5,33,3
1130,GL50803_7323,8,21,23,15,15
1236,GL50803_86680,8,16,0,1,0
1264,GL50803_11125,8,30,0,13,0
1296,GL50803_24880,8,11,0,19,0
1306,GL50803_16367,8,7,5,4,0
1315,GL50803_16322,8,6,33,21,23
1381,GL50803_9077,8,17,0,13,5
1391,GL50803_13747,8,8,14,24,25
1442,GL50803_7259,8,30,19,18,10
1478,GL50803_103878,8,10,5,3,3
1479,GL50803_137603,8,21,9,17,13
1508,GL50803_3342,8,18,0,8,0
1560,GL50803_9810,8,15,42,16,33
1567,GL50803_14895,8,10,0,20,5
1669,GL50803_17520,8,1,0,11,10
1673,GL50803_10221,8,27,0,16,8
1930,GL50803_17304,8,24,0,13,15
18,GL50803_13452,7,3,0,9,5
26,GL50803_4039,7,1,5,9,10
50,GL50803_112633,7,6,5,12,5
64,GL50803_9803,7,5,9,8,23
135,sp|TRYP_PIG|,7,29,42,23,48
147,GL50803_24321,7,0,19,4,30
150,GL50803_6939,7,10,9,13,8
188,GL50803_8741,7,7,0,13,3
190,"GL50803_113284,GL50803_92983,GL50803_114442",7,13,0,20,3
218,GL50803_22165,7,10,0,11,3
241,GL50803_14800,7,25,0,14,3
259,GL50803_6242,7,6,9,27,40
274,GL50803_11380,7,1,5,16,8
290,GL50803_15823,7,8,33,6,25
327,GL50803_33166,7,7,14,12,25
360,GL50803_115159,7,2,0,11,3
407,GL50803_94117,7,1,0,11,8
409,GL50803_113024,7,40,0,29,0
457,GL50803_15427,7,3,23,15,18
467,GL50803_10971,7,11,0,4,0
553,GL50803_17106,7,2,5,9,5
582,GL50803_137712,7,6,0,7,0
601,GL50803_2101,7,2,5,14,18
680,GL50803_15250,7,10,0,2,0
685,GL50803_13382,7,19,0,6,3
706,GL50803_8429,7,26,0,8,8
729,GL50803_9196,7,19,5,10,13
764,GL50803_104685,7,32,60,32,38
792,GL50803_6022,7,7,0,10,3
830,GL50803_8064,7,27,51,54,58
834,GL50803_10705,7,18,0,3,0
835,GL50803_15270,7,19,0,11,0
844,GL50803_6633,7,2,0,13,13
864,GL50803_14689,7,13,0,6,0
881,GL50803_8745,7,8,5,6,10
889,GL50803_94224,7,25,0,8,0
900,GL50803_3042,7,9,0,21,3
905,GL50803_8468,7,47,0,15,0
943,GL50803_16371,7,1,28,6,18
969,GL50803_7953,7,35,9,31,8
978,GL50803_137685,7,21,14,14,10
981,GL50803_3861,7,7,5,26,25
1016,GL50803_16376,7,7,9,13,18
1034,GL50803_7590,7,21,9,9,5
1097,GL50803_114497,7,18,0,14,5
1141,GL50803_9296,7,10,0,15,0
1153,GL50803_4509,7,31,14,15,10
1228,GL50803_14469,7,16,14,22,10
1249,GL50803_10623,7,13,0,15,0
1368,GL50803_112408,7,8,0,5,0
1369,GL50803_28699,7,38,5,24,8
1376,GL50803_113836,7,6,5,12,5
1418,GL50803_17568,7,2,14,10,15
1425,GL50803_2198,7,2,5,9,5
1468,GL50803_16363,7,10,0,13,8
1470,GL50803_5333,7,17,19,15,43
1497,GL50803_10016,7,1,9,8,10
1504,GL50803_11301,7,11,56,34,65
1526,GL50803_87202,7,9,5,6,5
1576,GL50803_17056,7,25,5,19,8
1578,GL50803_17198,7,9,0,9,0
1594,GL50803_19003,7,9,9,11,18
1596,"GL50803_135003,GL50803_135002,GL50803_135001",7,18,5,18,5
1600,GL50803_12162,7,2,37,8,28
1607,GL50803_16390,7,9,0,4,8
1616,GL50803_16235,7,0,14,12,23
1697,GL50803_98056,7,9,19,10,15
1718,GL50803_11950,7,8,19,16,13
1746,GL50803_6133,7,16,46,16,48
1750,GL50803_93551,7,2,0,12,18
1752,GL50803_16928,7,21,0,4,3
1753,GL50803_8382,7,16,0,8,0
1754,GL50803_9720,7,1,9,7,8
1768,GL50803_14650,7,16,0,6,0
1773,GL50803_9848,7,35,0,45,40
1825,GL50803_29327,7,14,0,13,3
1834,GL50803_15228,7,32,9,29,8
1838,GL50803_113723,7,19,0,14,0
1849,GL50803_12981,7,9,9,9,13
1853,GL50803_15483,7,34,23,15,18
1887,GL50803_16779,7,23,0,41,38
1914,sp|ALBU_HUMAN|,7,11,46,27,60
1917,GL50803_93294,7,10,14,10,18
1929,GL50803_114891,7,14,0,20,3
61,GL50803_22808,6,3,0,6,13
67,GL50803_4349,6,15,9,18,10
77,GL50803_11486,6,1,23,8,18
131,GL50803_8903,6,11,14,17,13
132,GL50803_101955,6,14,0,11,0
137,GL50803_10843,6,5,0,16,3
144,GL50803_16993,6,3,14,3,13
149,GL50803_16795,6,3,0,15,0
155,GL50803_8916,6,14,5,5,0
160,GL50803_4259,6,8,19,9,5
175,GL50803_16766,6,0,9,6,10
267,GL50803_16482,6,22,0,0,0
291,GL50803_16567,6,7,5,7,5
292,GL50803_4026,6,21,0,14,5
322,GL50803_14235,6,19,0,10,0
379,GL50803_15454,6,5,14,3,18
398,GL50803_14019,6,32,19,42,40
400,GL50803_16829,6,17,0,9,0
418,GL50803_17400,6,3,9,9,8
431,GL50803_17082,6,3,5,4,10
434,GL50803_113554,6,6,0,11,8
453,GL50803_2555,6,27,0,3,0
456,GL50803_16967,6,3,5,5,15
462,GL50803_24662,6,13,28,9,30
481,GL50803_16969,6,2,23,13,35
494,GL50803_8217,6,1,0,15,5
541,GL50803_5517,6,2,0,11,3
606,GL50803_113365,6,2,0,3,10
638,GL50803_6135,6,10,19,7,20
647,GL50803_10825,6,8,0,8,0
654,GL50803_16573,6,17,0,8,3
698,GL50803_7766,6,7,19,24,28
721,GL50803_91056,6,5,28,11,40
730,GL50803_112112,6,0,0,5,3
742,GL50803_3678,6,11,9,14,3
757,GL50803_17143,6,7,5,17,8
765,GL50803_31978,6,10,0,2,0
805,GL50803_15987,6,25,0,14,0
843,GL50803_13127,6,1,0,10,5
856,GL50803_112978,6,8,0,1,3
891,GL50803_2980,6,3,19,5,15
904,GL50803_17246,6,11,0,1,3
932,GL50803_5375,6,2,19,7,8
959,GL50803_4507,6,5,0,8,3
982,GL50803_10370,6,8,5,9,8
997,GL50803_15538,6,7,0,8,10
1033,GL50803_14490,6,25,5,15,5
1043,GL50803_4602,6,17,0,14,0
1047,GL50803_6886,6,5,0,4,0
1063,GL50803_103855,6,16,5,11,10
1080,GL50803_16902,6,10,0,8,0
1088,GL50803_112519,6,10,0,16,3
1113,GL50803_32312,6,6,0,10,3
1127,GL50803_6289,6,5,9,10,8
1128,GL50803_14796,6,6,0,6,5
1193,GL50803_2452,6,0,5,9,23
1215,GL50803_104150,6,3,5,8,15
1216,GL50803_41942,6,9,0,2,0
1299,GL50803_8235,6,1,0,8,13
1312,GL50803_16368,6,19,14,9,5
1336,GL50803_17617,6,21,9,8,5
1359,GL50803_7878,6,13,28,14,23
1378,GL50803_8444,6,10,28,13,20
1410,GL50803_91761,6,14,0,1,0
1416,GL50803_16833,6,5,19,7,15
1426,GL50803_21321,6,10,0,9,0
1433,GL50803_86593,6,14,0,0,0
1438,GL50803_16709,6,7,0,4,3
1443,GL50803_93278,6,11,0,9,0
1452,GL50803_114307,6,11,0,9,0
1473,GL50803_14460,6,2,0,11,10
1480,GL50803_11434,6,11,19,24,18
1525,GL50803_6671,6,8,5,12,8
1553,GL50803_7444,6,0,9,11,8
1633,GL50803_13413,6,29,0,19,10
1681,GL50803_86468,6,23,0,31,0
1691,GL50803_10802,6,8,0,6,0
1734,GL50803_13603,6,13,0,14,3
1736,GL50803_16575,6,6,0,8,0
1738,GL50803_8044,6,57,33,20,18
1751,GL50803_8528,6,2,19,12,20
1786,GL50803_9548,6,23,5,7,3
1857,GL50803_14346,6,15,0,6,0
1862,GL50803_22291,6,9,0,7,10
1873,GL50803_17352,6,21,5,15,5
1884,GL50803_17627,6,9,0,9,0
1911,GL50803_8001,6,8,5,18,8
1921,GL50803_14091,6,18,33,27,15
1927,GL50803_8445,6,1,5,5,8
12,GL50803_15995,5,2,0,6,3
25,GL50803_9008,5,2,0,8,15
35,GL50803_23357,5,6,0,2,0
37,GL50803_29490,5,7,23,9,15
59,GL50803_101534,5,2,0,11,10
71,GL50803_14737,5,10,0,5,0
81,GL50803_10073,5,2,0,7,0
86,GL50803_40369,5,6,0,3,3
97,GL50803_17328,5,8,0,3,0
100,GL50803_112258,5,6,0,7,0
108,GL50803_93011,5,7,5,6,20
133,GL50803_9173,5,7,5,7,15
151,GL50803_9348,5,0,9,3,18
158,GL50803_10829,5,0,0,6,13
177,GL50803_28954,5,5,0,4,0
214,GL50803_91252,5,16,0,5,5
232,GL50803_17464,5,17,0,5,3
238,GL50803_6148,5,0,0,8,3
264,GL50803_14669,5,9,0,4,0
316,GL50803_16328,5,7,9,6,13
326,GL50803_5346,5,0,0,6,0
334,GL50803_16773,5,7,0,1,0
355,GL50803_14375,5,0,5,4,18
358,GL50803_94582,5,0,0,6,3
361,GL50803_17483,5,3,0,9,0
370,GL50803_12063,5,3,5,11,3
414,GL50803_17385,5,9,0,2,0
479,GL50803_96994,5,7,0,3,0
489,GL50803_8726,5,1,0,11,10
497,GL50803_40244,5,17,0,6,0
567,GL50803_104173,5,1,0,6,0
580,GL50803_14843,5,8,0,5,8
604,GL50803_87817,5,5,0,7,0
618,GL50803_13000,5,19,0,9,5
671,GL50803_3595,5,3,9,8,20
687,GL50803_16549,5,1,5,8,5
711,GL50803_14497,5,1,28,8,10
762,GL50803_16924,5,0,23,8,20
785,GL50803_16375,5,6,5,2,10
799,GL50803_15063,5,3,0,11,0
810,GL50803_32419,5,17,0,4,0
824,GL50803_17563,5,0,0,8,5
901,GL50803_92645,5,5,0,11,3
1000,GL50803_137726,5,9,0,3,0
1014,GL50803_114246,5,0,0,8,20
1037,GL50803_480,5,2,33,16,28
1075,GL50803_14434,5,5,0,4,3
1085,GL50803_102438,5,9,0,5,3
1114,GL50803_11772,5,18,0,7,0
1115,GL50803_15495,5,5,0,7,5
1147,GL50803_8692,5,1,0,9,10
1161,GL50803_14277,5,0,14,2,3
1167,GL50803_5593,5,9,14,9,13
1169,GL50803_15046,5,9,37,7,23
1186,GL50803_7207,5,3,0,6,0
1189,GL50803_9421,5,0,0,4,3
1205,GL50803_16888,5,7,0,8,0
1213,GL50803_22204,5,2,0,8,0
1225,GL50803_17251,5,5,0,4,0
1240,GL50803_16801,5,8,0,1,0
1254,GL50803_14712,5,16,0,11,5
1281,GL50803_7715,5,1,0,4,0
1285,GL50803_4365,5,1,0,4,13
1302,GL50803_137641,5,2,0,5,0
1303,GL50803_15296,5,7,0,1,8
1333,GL50803_17109,5,6,0,5,0
1357,GL50803_14713,5,3,0,3,3
1393,GL50803_2964,5,14,0,10,3
1401,GL50803_38394,5,1,5,4,5
1415,GL50803_5604,5,11,23,17,18
1420,"GL50803_135886,GL50803_135885",5,1,0,9,8
1429,GL50803_17364,5,10,5,8,5
1432,GL50803_14311,5,6,0,13,0
1495,GL50803_23017,5,5,0,4,0
1555,GL50803_14939,5,24,5,15,3
1565,GL50803_14679,5,0,0,7,13
1617,GL50803_17110,5,6,0,6,3
1623,GL50803_16602,5,0,19,3,10
1626,GL50803_23389,5,17,5,3,8
1641,GL50803_16321,5,7,0,0,0
1663,GL50803_8061,5,9,0,1,0
1726,GL50803_22454,5,18,0,1,0
1782,GL50803_34357,5,25,5,18,3
1791,GL50803_14983,5,2,19,8,13
1793,GL50803_90434,5,6,0,5,0
1795,GL50803_33989,5,11,0,14,0
1802,GL50803_86440,5,9,0,7,3
1805,GL50803_22136,5,16,0,6,3
1844,GL50803_17577,5,9,0,4,8
17,GL50803_114161,4,9,5,8,5
20,GL50803_5659,4,0,0,8,8
27,GL50803_14171,4,1,19,2,13
28,GL50803_21474,4,2,5,3,10
38,GL50803_96562,4,10,0,3,0
39,GL50803_10196,4,0,9,2,8
45,GL50803_11521,4,6,0,1,0
75,GL50803_11495,4,0,0,4,0
80,GL50803_23004,4,6,9,7,10
92,GL50803_11311,4,0,0,5,0
118,GL50803_14704,4,9,0,6,0
124,GL50803_16267,4,1,0,8,0
172,GL50803_3256,4,5,0,8,3
182,GL50803_15847,4,1,0,5,0
197,GL50803_10901,4,13,5,7,15
201,GL50803_14322,4,8,0,2,0
207,GL50803_10572,4,6,0,5,0
230,GL50803_5845,4,7,9,7,8
243,GL50803_6744,4,15,33,10,28
272,GL50803_14404,4,2,0,6,0
338,GL50803_115239,4,1,0,4,0
339,GL50803_17550,4,8,0,5,3
362,GL50803_94646,4,6,0,0,0
366,GL50803_6835,4,1,5,2,3
367,GL50803_10711,4,8,0,1,0
390,GL50803_17558,4,10,5,7,8
399,GL50803_16522,4,0,5,5,8
433,GL50803_11100,4,7,0,2,3
447,GL50803_7030,4,1,0,6,3
449,GL50803_9079,4,11,0,6,3
476,GL50803_22855,4,1,9,4,15
519,GL50803_113673,4,6,0,0,0
520,GL50803_8627,4,5,0,2,0
529,GL50803_11165,4,2,0,6,0
534,GL50803_16200,4,0,0,5,0
546,GL50803_31295,4,8,0,3,0
557,GL50803_6283,4,0,0,4,5
565,GL50803_4063,4,8,0,2,0
575,GL50803_87058,4,1,5,6,5
612,GL50803_17165,4,7,0,1,0
615,GL50803_137698,4,8,0,2,0
616,GL50803_87446,4,2,0,2,0
623,GL50803_16495,4,15,0,6,3
641,GL50803_16659,4,6,0,5,10
649,GL50803_7537,4,2,0,6,3
660,GL50803_4383,4,1,14,2,13
665,GL50803_113094,4,0,0,4,0
666,GL50803_9117,4,2,0,7,0
669,GL50803_17161,4,14,0,10,0
672,GL50803_11640,4,5,0,2,3
679,GL50803_7375,4,6,0,10,0
718,GL50803_112557,4,5,0,2,3
727,GL50803_17097,4,0,0,1,8
745,GL50803_14660,4,3,9,6,10
768,GL50803_17150,4,0,0,7,13
780,GL50803_96264,4,7,0,4,0
790,GL50803_3570,4,2,19,3,45
804,GL50803_41512,4,6,0,7,5
842,GL50803_14321,4,6,0,12,0
895,GL50803_101168,4,1,0,2,5
910,GL50803_29307,4,0,0,6,0
914,GL50803_7082,4,1,0,8,3
925,GL50803_29252,4,13,9,7,10
926,GL50803_15252,4,2,0,14,0
939,GL50803_42357,4,6,0,5,0
944,GL50803_36069,4,1,9,4,5
948,GL50803_3007,4,9,5,10,0
988,GL50803_10019,4,5,0,0,0
993,GL50803_16468,4,0,0,10,3
1030,GL50803_16263,4,2,0,8,5
1031,GL50803_15099,4,2,9,13,8
1036,GL50803_88245,4,1,0,4,0
1039,GL50803_28477,4,1,23,13,28
1046,GL50803_12830,4,9,9,1,3
1076,GL50803_7110,4,9,23,11,38
1101,"GL50803_115338,GL50803_115337",4,3,14,3,5
1125,GL50803_21048,4,2,0,4,0
1134,GL50803_7789,4,8,9,10,10
1136,GL50803_6679,4,2,0,4,0
1137,GL50803_15260,4,9,5,8,8
1146,GL50803_137713,4,6,0,4,0
1178,GL50803_11220,4,22,0,7,3
1179,GL50803_9741,4,9,0,6,0
1207,GL50803_10882,4,5,0,9,0
1210,GL50803_137680,4,3,0,5,0
1211,GL50803_6563,4,5,9,10,8
1232,GL50803_17451,4,3,5,7,25
1234,GL50803_17472,4,3,5,1,3
1248,GL50803_10341,4,5,0,3,10
1270,GL50803_14584,4,10,14,9,20
1298,GL50803_8245,4,0,0,4,13
1309,GL50803_16067,4,6,0,11,3
1313,GL50803_33685,4,8,0,12,3
1314,GL50803_14242,4,5,0,1,0
1325,GL50803_1979,4,14,0,5,0
1389,GL50803_14458,4,17,9,14,8
1402,GL50803_95557,4,8,0,0,0
1407,GL50803_92498,4,1,0,4,3
1421,GL50803_9011,4,1,9,3,8
1439,GL50803_2622,4,3,0,2,3
1457,GL50803_10919,4,6,9,6,10
1477,GL50803_16678,4,8,5,5,0
1539,"GL50803_90215,GL50803_40571",4,25,0,18,0
1541,GL50803_4657,4,6,0,0,0
1544,GL50803_8560,4,13,0,6,0
1550,GL50803_11186,4,5,23,5,10
1551,GL50803_34701,4,3,0,2,0
1559,GL50803_28962,4,7,0,2,0
1568,GL50803_8329,4,7,0,10,3
1579,GL50803_5328,4,3,0,4,0
1581,GL50803_2864,4,21,0,11,0
1583,GL50803_16424,4,2,0,6,0
1648,GL50803_9899,4,0,0,7,0
1649,GL50803_15076,4,11,0,6,0
1662,GL50803_9658,4,7,0,1,0
1671,GL50803_89347,4,0,0,2,8
1677,GL50803_8621,4,0,0,10,0
1696,GL50803_31339,4,7,0,5,0
1747,GL50803_16237,4,5,0,3,0
1771,GL50803_15062,4,3,9,1,8
1772,GL50803_5800,4,1,23,7,23
1778,GL50803_16299,4,2,0,3,0
1784,GL50803_4270,4,7,0,3,0
1790,GL50803_3869,4,11,5,6,0
1809,GL50803_7874,4,2,0,5,0
1820,GL50803_13268,4,55,0,42,0
1828,GL50803_12223,4,3,0,5,3
1832,GL50803_17408,4,8,0,3,0
1836,GL50803_14254,4,2,0,9,5
1875,GL50803_14581,4,1,0,7,8
1876,GL50803_10367,4,10,0,11,0
1880,GL50803_10013,4,6,9,3,10
1888,GL50803_17046,4,3,0,9,3
1902,GL50803_5785,4,9,5,8,8
1910,GL50803_16312,4,0,0,8,0
1912,GL50803_9529,4,9,0,3,0
1913,GL50803_10881,4,5,9,8,8
1932,GL50803_12945,4,7,0,1,0
1,GL50803_42442,3,2,0,5,0
4,GL50803_11613,3,9,0,9,0
8,GL50803_17037,3,3,0,2,0
14,GL50803_15124,3,1,0,2,10
23,GL50803_12598,3,1,9,0,15
24,GL50803_11364,3,1,0,2,8
52,GL50803_17625,3,0,0,5,5
55,GL50803_12035,3,8,0,4,0
63,GL50803_3538,3,2,5,3,8
65,GL50803_28549,3,18,9,11,8
68,GL50803_16454,3,14,0,7,0
85,GL50803_14403,3,11,0,7,0
93,GL50803_22455,3,5,5,0,0
120,GL50803_17155,3,6,0,1,0
129,GL50803_5000,3,5,0,0,0
138,GL50803_17347,3,10,9,5,8
141,GL50803_27896,3,5,0,0,0
163,GL50803_16460,3,0,0,3,0
171,GL50803_10675,3,0,0,2,5
194,GL50803_16929,3,13,9,13,5
198,GL50803_91324,3,0,9,4,10
211,GL50803_8035,3,1,23,0,8
213,GL50803_9376,3,1,0,3,3
224,GL50803_4255,3,13,0,8,3
227,GL50803_94478,3,7,0,3,0
284,GL50803_9287,3,2,0,3,0
286,GL50803_5010,3,6,5,9,18
296,GL50803_40817,3,2,19,3,10
305,GL50803_16768,3,1,0,2,0
318,GL50803_12091,3,1,0,6,0
328,GL50803_9155,3,5,0,1,3
331,GL50803_7524,3,11,0,2,0
348,GL50803_14045,3,2,0,2,3
353,GL50803_14915,3,9,0,7,0
357,GL50803_7873,3,13,0,8,0
374,GL50803_12057,3,5,0,0,0
388,GL50803_15564,3,1,0,6,0
410,GL50803_21897,3,1,0,4,0
419,GL50803_15397,3,2,0,3,3
435,GL50803_11170,3,5,0,1,3
439,GL50803_7655,3,6,0,1,0
477,GL50803_10330,3,5,19,14,13
485,GL50803_16157,3,1,0,3,0
492,GL50803_10254,3,2,5,2,3
500,GL50803_27059,3,0,14,2,13
504,GL50803_104866,3,2,14,4,13
511,GL50803_16220,3,0,5,4,3
533,GL50803_92132,3,1,0,3,3
577,GL50803_16456,3,0,0,3,0
589,GL50803_9174,3,11,0,8,0
592,GL50803_15587,3,3,0,2,5
614,GL50803_5456,3,6,0,0,0
637,GL50803_15599,3,6,0,1,0
650,GL50803_137754,3,0,0,5,3
651,GL50803_28234,3,1,28,4,10
667,GL50803_17543,3,1,0,2,0
693,GL50803_37985,3,3,5,4,3
707,GL50803_32815,3,7,0,0,0
710,GL50803_13651,3,2,0,6,0
734,GL50803_15472,3,0,0,4,8
739,GL50803_34684,3,0,0,5,0
749,GL50803_17157,3,3,0,1,0
751,GL50803_15535,3,1,9,2,8
776,GL50803_14049,3,6,19,6,13
803,GL50803_15104,3,7,0,3,0
808,GL50803_12949,3,5,0,11,8
818,GL50803_5919,3,5,0,4,0
825,GL50803_15127,3,2,14,3,18
828,GL50803_15164,3,3,0,4,0
849,GL50803_34179,3,2,5,5,3
850,GL50803_39483,3,1,5,4,5
861,GL50803_15474,3,0,5,3,15
867,GL50803_20195,3,0,0,3,3
898,GL50803_27878,3,3,0,0,0
912,GL50803_16311,3,1,0,1,8
933,GL50803_2825,3,1,14,5,10
974,GL50803_114885,3,2,0,1,0
980,GL50803_5188,3,0,0,3,5
991,GL50803_16979,3,10,0,8,3
996,GL50803_90950,3,0,9,0,3
998,GL50803_14392,3,1,0,4,3
1005,GL50803_33663,3,2,0,2,0
1008,GL50803_14934,3,3,0,3,0
1020,GL50803_103807,3,0,0,7,0
1029,GL50803_17216,3,5,5,3,0
1041,GL50803_16811,3,0,0,4,3
1048,GL50803_95918,3,0,0,6,0
1059,GL50803_11749,3,9,5,7,5
1062,GL50803_86761,3,5,5,4,0
1073,GL50803_9088,3,1,5,4,15
1078,GL50803_6812,3,1,0,5,0
1082,GL50803_90710,3,2,0,4,0
1093,GL50803_15574,3,0,0,5,0
1103,GL50803_16842,3,6,0,4,0
1104,GL50803_13269,3,2,0,3,3
1111,GL50803_13194,3,6,9,1,3
1120,GL50803_114546,3,5,5,2,13
1131,GL50803_17005,3,1,0,3,0
1132,GL50803_41467,3,5,0,2,0
1149,GL50803_16648,3,0,0,2,3
1181,GL50803_13109,3,8,0,3,0
1229,GL50803_40831,3,3,0,1,3
1233,GL50803_14691,3,11,9,5,3
1235,GL50803_17460,3,0,0,5,3
1257,GL50803_15428,3,6,0,7,5
1259,GL50803_4331,3,9,0,4,3
1260,GL50803_17227,3,5,0,1,0
1261,GL50803_14475,3,0,0,3,13
1274,GL50803_10400,3,2,0,2,0
1283,GL50803_7035,3,8,0,2,0
1284,GL50803_16675,3,3,0,6,0
1300,GL50803_114462,3,1,0,2,3
1301,GL50803_15376,3,9,0,5,0
1307,GL50803_16729,3,2,5,4,3
1318,GL50803_86600,3,1,0,3,3
1326,GL50803_6366,3,1,5,4,0
1356,GL50803_11299,3,10,0,7,3
1360,GL50803_91398,3,3,0,3,0
1365,GL50803_9038,3,5,0,1,0
1367,GL50803_11129,3,1,14,1,10
1384,GL50803_17286,3,13,0,1,3
1396,GL50803_17132,3,0,0,4,0
1398,GL50803_15499,3,0,0,5,0
1399,GL50803_11775,3,5,0,2,0
1400,GL50803_7569,3,7,0,4,0
1431,GL50803_6896,3,0,0,4,3
1435,GL50803_7662,3,0,0,7,0
1440,GL50803_9327,3,6,19,1,15
1448,GL50803_14742,3,0,0,5,5
1450,GL50803_16034,3,1,0,3,0
1455,GL50803_9824,3,6,56,9,33
1462,GL50803_13007,3,3,0,2,0
1465,GL50803_7962,3,3,37,8,30
1474,GL50803_87422,3,3,0,2,0
1481,GL50803_8963,3,8,0,0,0
1494,GL50803_113130,3,0,0,4,0
1512,GL50803_7896,3,0,5,1,8
1538,GL50803_5949,3,7,9,3,3
1543,GL50803_26199,3,2,0,5,0
1570,GL50803_14877,3,1,9,3,0
1586,GL50803_11740,3,3,0,4,0
1587,GL50803_101594,3,2,0,2,5
1589,GL50803_16450,3,2,19,2,10
1593,GL50803_940,3,5,0,1,0
1595,GL50803_7351,3,16,9,12,3
1606,GL50803_13316,3,2,0,1,0
1609,GL50803_15603,3,0,0,3,3
1621,GL50803_6171,3,2,0,5,3
1622,GL50803_8163,3,0,0,3,0
1624,GL50803_11105,3,1,0,2,0
1631,GL50803_104031,3,3,5,1,3
1632,GL50803_91476,3,0,0,5,0
1635,GL50803_40228,3,3,0,4,0
1653,GL50803_112630,3,1,0,4,0
1664,GL50803_12920,3,9,0,3,3
1687,GL50803_34093,3,5,9,7,10
1706,GL50803_116477,3,6,0,1,0
1712,GL50803_5345,3,8,0,0,0
1727,GL50803_4463,3,1,5,2,5
1767,GL50803_96460,3,1,0,3,3
1781,GL50803_7522,3,5,0,5,0
1785,GL50803_13528,3,2,0,3,3
1807,GL50803_95787,3,1,9,2,8
1817,GL50803_4079,3,2,0,4,0
1821,GL50803_17164,3,1,0,4,0
1823,GL50803_17402,3,2,0,2,0
1829,GL50803_17406,3,2,0,2,0
1833,GL50803_13756,3,2,0,7,0
1871,GL50803_40067,3,0,0,3,3
1892,"GL50803_27521,GL50803_14256",3,11,0,7,0
1894,GL50803_11107,3,5,0,2,0
1898,GL50803_7134,3,9,0,0,0
1901,"GL50803_103437,GL50803_112682",3,1,0,8,0
1915,GL50803_14606,3,7,5,11,8
1925,GL50803_14135,3,0,0,3,3
6,GL50803_3470,2,3,0,1,0
29,GL50803_6332,2,2,0,0,0
36,GL50803_14937,2,6,0,2,0
40,GL50803_16963,2,2,0,1,0
62,GL50803_17516,2,2,0,6,3
70,GL50803_17574,2,0,5,1,0
78,GL50803_16272,2,1,0,2,0
84,GL50803_17345,2,3,0,1,0
88,GL50803_4248,2,1,0,2,0
94,GL50803_14048,2,1,0,0,5
95,GL50803_16021,2,2,5,1,0
102,GL50803_16887,2,0,5,1,3
105,GL50803_9121,2,2,5,2,5
107,GL50803_27308,2,0,14,0,13
112,GL50803_6724,2,1,0,7,0
114,GL50803_6377,2,0,0,1,3
116,GL50803_5867,2,2,0,6,0
123,GL50803_88735,2,0,0,2,0
125,GL50803_16433,2,1,0,1,0
130,GL50803_8960,2,2,0,1,0
139,GL50803_6736,2,3,0,3,0
146,GL50803_111869,2,5,5,0,0
153,GL50803_9349,2,0,0,2,8
157,GL50803_8711,2,6,0,4,0
165,GL50803_32676,2,2,0,0,0
180,GL50803_16547,2,0,0,3,0
185,GL50803_103783,2,0,0,2,3
186,GL50803_14481,2,2,9,2,10
192,GL50803_14270,2,5,0,8,10
195,GL50803_113143,2,5,0,0,0
210,GL50803_114937,2,0,0,2,0
215,GL50803_40390,2,1,0,1,0
237,GL50803_14821,2,0,0,6,0
249,GL50803_42000,2,0,0,3,0
250,GL50803_14628,2,0,0,1,5
255,GL50803_4502,2,8,0,2,0
257,GL50803_17390,2,0,0,2,5
261,GL50803_15419,2,3,0,1,0
277,GL50803_7474,2,0,0,2,5
280,GL50803_8260,2,0,14,3,3
281,GL50803_13904,2,0,9,3,10
282,GL50803_113876,2,2,0,4,0
289,GL50803_4946,2,0,0,1,3
293,GL50803_10780,2,7,19,10,15
301,GL50803_9359,2,2,0,0,0
309,GL50803_102575,2,1,0,2,0
310,GL50803_8565,2,8,0,2,0
312,GL50803_8471,2,2,0,5,3
317,GL50803_9508,2,1,0,2,8
336,GL50803_3983,2,0,0,2,0
341,GL50803_15077,2,6,0,2,0
356,GL50803_113023,2,0,0,2,0
368,GL50803_15450,2,1,0,1,0
377,GL50803_16158,2,0,0,2,0
387,GL50803_94658,2,0,0,3,0
393,GL50803_95406,2,1,0,2,0
401,GL50803_16518,2,5,0,0,0
402,GL50803_97072,2,3,0,2,0
406,GL50803_3760,2,0,0,1,3
408,GL50803_8890,2,5,0,0,0
412,GL50803_14252,2,2,0,3,0
413,GL50803_11151,2,0,0,2,0
416,GL50803_13227,2,0,0,2,0
420,GL50803_10708,2,0,0,3,0
421,GL50803_16339,2,3,0,0,0
429,GL50803_10232,2,5,0,6,0
445,GL50803_14972,2,1,0,1,3
454,GL50803_2925,2,2,0,0,0
459,GL50803_87056,2,5,0,2,0
460,GL50803_16840,2,1,0,1,0
468,GL50803_10969,2,2,0,1,8
474,GL50803_17296,2,2,0,0,0
480,GL50803_4838,2,2,0,0,0
484,"GL50803_40592,GL50803_115742,GL50803_40591,GL50803_32607,GL50803_114672",2,3,5,1,3
487,GL50803_16601,2,3,0,1,0
499,GL50803_17566,2,2,0,3,0
516,GL50803_15549,2,0,0,2,0
527,GL50803_102710,2,0,0,2,0
531,GL50803_14086,2,8,0,4,0
542,GL50803_13622,2,1,0,2,0
548,GL50803_15513,2,0,9,1,3
549,GL50803_14633,2,2,0,1,0
558,GL50803_3032,2,0,0,3,0
560,GL50803_3169,2,3,0,2,0
564,GL50803_16526,2,0,5,3,5
568,GL50803_16521,2,0,5,2,5
596,GL50803_4959,2,3,0,1,3
598,GL50803_17367,2,7,0,3,0
608,GL50803_87926,2,0,0,5,0
625,GL50803_3409,2,1,0,2,0
630,GL50803_13700,2,3,0,2,0
635,GL50803_22547,2,0,0,3,0
639,GL50803_15598,2,2,0,1,0
645,GL50803_5921,2,5,0,3,0
655,GL50803_102978,2,5,0,2,0
656,GL50803_16574,2,6,0,2,0
675,GL50803_25816,2,0,0,1,3
678,GL50803_16364,2,1,0,2,0
684,GL50803_16954,2,2,0,1,0
690,GL50803_13671,2,2,0,0,0
692,"GL50803_112914,GL50803_112938",2,1,0,2,0
696,GL50803_21063,2,0,0,1,3
699,GL50803_28433,2,10,9,8,13
702,GL50803_137684,2,1,0,1,5
716,GL50803_3598,2,3,0,0,0
717,GL50803_7520,2,5,0,5,3
719,GL50803_2834,2,0,0,2,0
722,GL50803_16297,2,3,0,2,0
754,GL50803_14225,2,3,0,2,0
755,GL50803_91348,2,1,0,3,0
759,GL50803_137695,2,5,0,4,15
778,GL50803_10423,2,3,0,6,0
782,GL50803_16906,2,6,0,2,0
787,GL50803_16326,2,0,0,2,0
797,GL50803_16286,2,1,0,1,0
806,GL50803_22385,2,2,0,0,0
817,GL50803_15157,2,5,0,2,0
822,GL50803_7843,2,0,0,2,3
823,GL50803_15339,2,2,0,2,0
827,GL50803_16090,2,5,0,7,0
829,GL50803_8058,2,3,0,2,3
831,GL50803_16227,2,5,0,3,3
845,GL50803_5489,2,0,0,1,3
868,GL50803_8253,2,3,0,4,0
870,GL50803_90122,2,2,0,4,0
888,GL50803_16443,2,1,0,4,3
890,GL50803_15085,2,1,0,1,0
892,GL50803_7009,2,2,9,2,10
896,GL50803_17288,2,0,0,2,0
902,GL50803_14926,2,1,0,2,3
903,GL50803_4912,2,5,0,10,0
915,GL50803_3209,2,0,0,1,5
920,GL50803_27735,2,0,5,1,5
923,GL50803_10608,2,2,0,2,0
936,GL50803_13943,2,1,0,1,10
937,sp|RS27A_HUMAN|,2,2,23,5,20
954,GL50803_10161,2,0,0,1,3
967,GL50803_10703,2,0,0,2,0
983,GL50803_5161,2,2,0,4,0
985,GL50803_97130,2,0,0,3,0
994,GL50803_17586,2,0,0,2,0
1002,GL50803_12116,2,0,0,2,0
1009,GL50803_9293,2,2,0,2,0
1017,GL50803_15109,2,1,0,1,0
1019,GL50803_15343,2,0,0,2,0
1024,GL50803_6535,2,1,0,2,0
1027,"GL50803_112673,GL50803_112135",2,2,0,1,0
1035,GL50803_15413,2,5,0,4,0
1038,GL50803_13323,2,1,0,3,0
1049,"GL50803_15404,GL50803_10238",2,6,0,1,0
1052,GL50803_17283,2,1,0,3,0
1056,GL50803_17277,2,2,0,1,0
1058,GL50803_137730,2,2,0,0,0
1060,GL50803_6564,2,1,5,4,15
1061,GL50803_16556,2,1,0,1,0
1064,GL50803_14608,2,1,0,1,0
1069,GL50803_11164,2,2,0,2,0
1071,GL50803_4152,2,13,0,6,0
1074,GL50803_8821,2,1,0,3,0
1077,GL50803_3977,2,2,0,3,5
1090,GL50803_17448,2,1,0,1,3
1096,GL50803_94653,2,1,0,1,0
1110,GL50803_15546,2,1,0,1,8
1112,GL50803_16114,2,1,0,3,0
1123,GL50803_11448,2,3,0,6,0
1126,GL50803_16948,2,0,5,1,8
1133,GL50803_12741,2,2,0,1,0
1140,GL50803_88960,2,7,0,5,0
1142,GL50803_15977,2,1,0,1,0
1150,GL50803_88888,2,3,0,0,0
1157,GL50803_114623,2,3,0,0,0
1159,GL50803_16999,2,3,0,1,0
1163,GL50803_9045,2,1,5,3,10
1165,GL50803_14117,2,5,0,3,0
1174,GL50803_10868,2,1,0,3,3
1177,GL50803_17195,2,1,0,3,3
1190,GL50803_11595,2,0,5,0,5
1195,GL50803_5881,2,2,0,0,0
1198,GL50803_8799,2,0,0,2,0
1201,GL50803_13372,2,0,5,0,10
1206,GL50803_8819,2,5,0,1,0
1220,GL50803_16130,2,2,0,2,0
1221,GL50803_16930,2,0,0,3,0
1222,GL50803_12941,2,3,0,0,3
1223,GL50803_5892,2,0,0,4,0
1237,GL50803_86683,2,1,5,2,5
1243,GL50803_27614,2,0,0,3,5
1244,GL50803_5786,2,2,5,1,0
1251,GL50803_11055,2,2,0,0,0
1258,GL50803_9119,2,1,0,2,0
1262,GL50803_17334,2,3,0,0,0
1266,GL50803_16477,2,0,9,2,5
1279,GL50803_16630,2,2,0,2,0
1280,GL50803_6752,2,1,0,10,0
1289,GL50803_113304,2,2,0,0,0
1304,GL50803_17190,2,0,0,3,0
1308,GL50803_15460,2,0,0,2,0
1310,GL50803_15461,2,8,0,1,0
1317,GL50803_4156,2,0,0,3,5
1327,GL50803_21525,2,8,0,2,0
1329,GL50803_10858,2,0,0,3,0
1332,GL50803_94525,2,6,0,3,0
1340,GL50803_16370,2,2,0,0,0
1341,GL50803_17000,2,6,0,7,5
1342,GL50803_5374,2,0,0,3,3
1350,GL50803_23552,2,1,5,1,3
1364,GL50803_9620,2,2,0,1,0
1370,GL50803_9355,2,0,14,4,10
1375,GL50803_14278,2,0,9,1,10
1397,GL50803_16839,2,0,0,6,3
1411,GL50803_15871,2,1,5,5,3
1412,GL50803_5171,2,1,0,1,3
1413,GL50803_7268,2,0,0,4,5
1414,GL50803_1937,2,3,0,0,0
1423,GL50803_17353,2,0,0,2,0
1428,GL50803_10315,2,3,9,4,5
1430,GL50803_17189,2,0,5,1,3
1434,GL50803_6413,2,1,0,2,0
1436,GL50803_11499,2,0,0,3,0
1444,GL50803_9900,2,9,0,4,0
1446,GL50803_137747,2,2,0,1,0
1453,GL50803_28379,2,2,0,3,0
1454,GL50803_4044,2,1,0,1,3
1461,GL50803_90044,2,6,0,2,0
1463,GL50803_8367,2,0,9,3,13
1471,GL50803_17119,2,1,0,7,0
1475,GL50803_17388,2,1,0,2,0
1485,GL50803_3417,2,2,5,5,3
1487,GL50803_87677,2,0,0,2,3
1492,GL50803_7751,2,2,0,2,0
1496,GL50803_10836,2,5,0,4,5
1499,GL50803_15487,2,0,0,0,8
1503,GL50803_9058,2,1,0,2,3
1505,GL50803_112584,2,2,0,0,0
1510,GL50803_101906,2,3,0,10,0
1517,GL50803_17012,2,0,0,0,8
1520,GL50803_8842,2,1,0,4,5
1521,GL50803_10063,2,2,0,0,0
1536,GL50803_17337,2,5,19,7,20
1537,GL50803_17084,2,2,0,0,0
1545,GL50803_112489,2,3,0,2,0
1549,GL50803_16236,2,6,5,5,5
1557,GL50803_16317,2,0,0,3,0
1564,GL50803_15985,2,3,0,0,0
1577,GL50803_1995,2,1,0,2,5
1584,GL50803_111886,2,3,0,2,0
1585,GL50803_8794,2,1,0,4,3
1608,GL50803_13315,2,2,0,4,0
1612,GL50803_113163,2,1,0,1,0
1613,GL50803_3313,2,0,0,0,8
1627,GL50803_8125,2,1,0,2,0
1628,GL50803_8140,2,1,0,3,0
1636,GL50803_2366,2,2,0,0,0
1643,GL50803_95254,2,2,0,1,0
1644,GL50803_15218,2,0,0,2,0
1647,GL50803_9807,2,2,0,0,0
1655,GL50803_112885,2,0,0,2,0
1656,GL50803_16266,2,0,5,0,5
1667,GL50803_8049,2,9,0,2,0
1672,GL50803_4204,2,1,0,3,3
1685,GL50803_42196,2,1,0,1,0
1688,GL50803_4928,2,0,0,1,3
1692,GL50803_10803,2,1,0,2,0
1702,GL50803_9363,2,1,0,3,0
1707,GL50803_10038,2,0,0,2,3
1710,GL50803_11470,2,3,0,1,0
1711,GL50803_17313,2,5,0,1,0
1714,GL50803_86821,2,3,5,1,0
1720,GL50803_7373,2,1,0,1,0
1724,sp|CAS1_BOVIN|,2,0,5,0,10
1730,GL50803_113456,2,0,0,2,0
1732,GL50803_8250,2,11,0,6,0
1744,GL50803_8944,2,1,5,2,5
1763,GL50803_15011,2,9,0,2,0
1769,GL50803_9829,2,14,0,1,0
1780,GL50803_113616,2,1,0,3,0
1801,GL50803_17427,2,5,0,5,0
1811,GL50803_21750,2,0,0,5,0
1846,GL50803_22677,2,1,9,3,25
1847,GL50803_21331,2,5,0,5,0
1858,GL50803_102722,2,1,0,0,5
1860,GL50803_5981,2,1,0,2,0
1861,GL50803_38104,2,1,0,1,3
1865,GL50803_2053,2,1,0,4,0
1867,GL50803_7018,2,2,0,1,0
1872,GL50803_1875,2,0,0,2,3
1877,GL50803_5294,2,1,5,2,0
1881,GL50803_16160,2,10,0,8,8
1886,GL50803_16222,2,2,0,0,0
1889,GL50803_13350,2,1,0,3,5
1896,GL50803_42285,2,2,0,0,0
1903,GL50803_14436,2,1,0,1,0
1904,GL50803_9870,2,0,0,1,3
1905,GL50803_16945,2,3,0,2,0
1906,GL50803_9865,2,2,0,1,0
1909,GL50803_16802,2,2,0,5,8
1926,GL50803_9099,2,0,0,4,0
2,GL50803_17102,1,0,0,1,3
7,GL50803_4192,1,0,5,0,0
11,GL50803_1894,1,1,0,0,0
13,GL50803_9523,1,0,0,1,3
15,GL50803_14967,1,0,0,1,3
16,GL50803_19509,1,5,0,1,0
22,GL50803_3098,1,0,0,1,0
30,GL50803_16457,1,1,0,0,0
34,"GL50803_114044,GL50803_112017",1,0,0,1,0
42,"GL50803_102444,GL50803_1713",1,0,0,1,0
43,"GL50803_86934,GL50803_101307",1,0,0,1,0
44,GL50803_115245,1,0,5,0,0
49,GL50803_95064,1,0,0,0,3
51,GL50803_3978,1,0,0,1,0
53,GL50803_22084,1,0,9,0,3
54,GL50803_16392,1,0,5,0,0
56,GL50803_17510,1,0,0,1,0
57,GL50803_12867,1,1,0,0,3
58,GL50803_17011,1,0,0,1,0
66,GL50803_8513,1,0,0,1,0
73,GL50803_15306,1,1,0,0,0
76,GL50803_10775,1,0,0,2,0
79,GL50803_3589,1,0,0,0,3
82,GL50803_5568,1,1,0,0,0
87,GL50803_15324,1,0,0,0,5
89,GL50803_112893,1,1,0,1,3
91,GL50803_16893,1,2,0,2,0
96,GL50803_40014,1,1,0,0,0
99,GL50803_14960,1,1,0,1,0
103,GL50803_2098,1,0,0,3,0
104,GL50803_16891,1,0,0,1,3
111,GL50803_33281,1,1,0,0,0
113,GL50803_6885,1,2,0,0,0
119,GL50803_8782,1,0,0,0,3
121,GL50803_15344,1,1,0,1,0
126,GL50803_7514,1,1,0,0,0
134,GL50803_36426,1,0,0,1,0
136,GL50803_13791,1,0,0,0,3
140,GL50803_7296,1,0,0,1,0
142,GL50803_38517,1,3,0,1,0
152,GL50803_14694,1,1,0,1,0
154,GL50803_16747,1,2,0,0,0
159,GL50803_17495,1,1,0,1,0
161,GL50803_17202,1,0,0,0,3
162,GL50803_15368,1,2,0,3,0
167,GL50803_8446,1,0,0,2,0
169,GL50803_12905,1,2,5,0,0
179,GL50803_10459,1,0,0,1,0
181,GL50803_7240,1,2,0,0,0
183,GL50803_17294,1,0,0,1,0
184,GL50803_10808,1,0,0,1,0
187,GL50803_17299,1,0,0,1,0
189,GL50803_5710,1,0,0,1,0
191,sp|THIO_HUMAN|,1,0,5,0,3
193,GL50803_6920,1,0,0,1,3
196,sp|HBB_HUMAN|,1,0,0,0,3
199,GL50803_13164,1,0,0,1,0
200,GL50803_9487,1,1,0,0,0
203,GL50803_7566,1,0,0,1,0
204,GL50803_16658,1,0,0,1,0
205,GL50803_10126,1,0,0,1,0
206,GL50803_92758,1,0,0,1,0
208,GL50803_23492,1,2,0,1,3
217,GL50803_24861,1,1,0,1,0
219,GL50803_114192,1,2,0,0,0
221,GL50803_4578,1,0,0,3,0
222,"GL50803_134710,GL50803_14783",1,2,5,1,3
225,GL50803_16068,1,1,0,1,0
226,GL50803_9594,1,2,0,1,0
228,GL50803_14994,1,1,0,0,0
229,GL50803_7285,1,0,0,2,0
231,GL50803_103810,1,0,0,1,0
233,GL50803_8770,1,0,0,3,0
235,GL50803_17612,1,0,0,1,0
239,GL50803_16731,1,0,0,0,3
240,GL50803_16733,1,0,0,1,0
248,GL50803_92760,1,1,0,2,0
252,GL50803_14341,1,0,0,1,0
253,GL50803_7021,1,0,0,1,0
254,GL50803_8048,1,1,0,1,0
256,GL50803_38649,1,0,0,0,3
258,GL50803_15936,1,2,0,3,0
260,GL50803_24423,1,1,0,0,0
262,GL50803_7747,1,0,0,1,0
266,GL50803_102248,1,0,0,1,0
268,GL50803_137734,1,2,0,1,0
271,GL50803_89285,1,3,0,0,0
273,GL50803_14195,1,0,0,0,5
275,GL50803_102455,1,1,0,0,0
278,GL50803_16127,1,0,0,2,0
279,GL50803_6725,1,0,0,1,0
283,GL50803_11497,1,0,0,1,0
287,GL50803_11436,1,1,0,3,0
288,GL50803_13310,1,0,0,1,0
294,GL50803_26129,1,5,0,1,3
298,GL50803_42008,1,1,0,0,0
299,GL50803_101918,1,1,0,0,0
300,GL50803_16568,1,0,0,0,3
303,GL50803_114218,1,2,0,1,0
304,GL50803_101699,1,0,0,0,3
307,GL50803_15531,1,0,0,0,3
311,GL50803_5999,1,0,0,1,0
320,GL50803_7007,1,9,14,4,13
321,GL50803_12094,1,0,0,1,0
323,GL50803_32908,1,0,0,1,0
324,GL50803_2323,1,0,0,1,3
325,GL50803_32375,1,0,0,2,0
332,GL50803_9858,1,1,0,0,0
346,GL50803_9894,1,0,0,1,0
349,GL50803_15244,1,10,0,6,0
350,GL50803_27747,1,1,0,0,0
351,sp|LYSC_HUMAN|,1,0,9,0,0
354,GL50803_10422,1,1,0,0,0
363,GL50803_3636,1,1,0,0,0
364,GL50803_3021,1,0,0,3,0
369,GL50803_12105,1,3,0,2,3
372,GL50803_9788,1,1,0,0,0
375,GL50803_6404,1,0,0,1,0
376,GL50803_115129,1,1,0,1,0
378,GL50803_14493,1,0,0,1,0
381,GL50803_7950,1,3,0,6,0
383,"GL50803_113986,GL50803_115232",1,0,0,1,0
384,GL50803_113788,1,1,0,0,0
385,GL50803_11599,1,0,0,1,0
392,GL50803_13708,1,0,0,1,0
395,GL50803_16943,1,0,0,1,0
396,GL50803_24947,1,2,19,7,13
403,GL50803_23884,1,0,5,0,0
404,GL50803_16975,1,1,0,1,0
417,GL50803_15399,1,0,0,1,0
422,GL50803_16548,1,0,0,3,0
423,GL50803_14158,1,0,0,1,0
424,GL50803_112059,1,2,0,1,0
425,GL50803_19230,1,1,0,0,0
426,GL50803_91463,1,0,0,1,0
427,GL50803_16502,1,2,0,1,0
430,GL50803_34850,1,3,5,1,3
432,GL50803_89845,1,0,0,2,0
438,GL50803_8189,1,0,0,1,0
441,GL50803_24009,1,0,0,0,3
442,GL50803_5749,1,1,0,1,0
450,GL50803_17092,1,0,0,1,3
452,GL50803_8381,1,0,0,1,0
458,GL50803_17312,1,1,0,0,0
461,GL50803_6590,1,0,0,2,0
465,GL50803_17378,1,0,0,0,3
473,GL50803_8361,1,0,5,0,3
482,GL50803_24043,1,1,0,0,0
483,GL50803_14607,1,0,9,2,5
488,GL50803_13962,1,0,0,1,0
490,GL50803_16966,1,0,5,0,0
491,GL50803_15154,1,0,0,0,3
495,GL50803_10744,1,1,5,0,0
498,GL50803_17567,1,0,0,2,0
505,GL50803_3117,1,1,0,0,0
506,GL50803_5648,1,1,0,0,0
508,GL50803_7578,1,3,0,4,0
509,GL50803_5784,1,1,0,1,0
518,GL50803_14364,1,1,0,1,0
522,GL50803_11692,1,3,0,2,0
523,GL50803_9116,1,0,0,2,0
526,GL50803_37907,1,1,0,0,0
528,GL50803_114815,1,0,0,0,3
530,GL50803_29436,1,1,0,0,0
535,GL50803_16226,1,1,0,0,0
536,GL50803_7652,1,0,0,1,0
539,GL50803_112932,1,0,0,2,0
544,GL50803_4789,1,0,0,1,0
550,GL50803_14636,1,0,0,2,0
551,GL50803_6422,1,0,0,1,0
552,GL50803_14696,1,0,0,1,0
554,GL50803_112787,1,0,0,1,0
559,GL50803_3036,1,1,5,0,3
561,GL50803_16996,1,1,0,2,0
562,GL50803_41472,1,1,0,0,0
566,GL50803_5890,1,0,0,1,0
570,GL50803_4059,1,0,0,1,0
578,GL50803_5069,1,0,0,1,0
581,GL50803_13133,1,0,0,1,0
584,GL50803_15958,1,1,5,2,3
586,GL50803_16915,1,0,0,2,5
587,GL50803_9835,1,1,0,0,0
588,GL50803_24590,1,0,0,1,0
590,GL50803_14107,1,0,0,1,0
593,GL50803_16307,1,1,0,1,0
595,GL50803_8524,1,0,0,0,3
599,GL50803_15956,1,0,0,0,5
602,GL50803_16791,1,0,0,1,0
603,GL50803_16935,1,0,0,1,3
607,GL50803_11044,1,1,0,2,0
609,GL50803_11712,1,0,0,0,3
611,GL50803_90665,1,0,0,1,0
617,GL50803_18471,1,0,0,0,3
627,GL50803_19237,1,0,0,0,5
628,"GL50803_115571,GL50803_115572",1,1,0,0,0
629,GL50803_7790,1,0,0,1,0
631,GL50803_4820,1,0,0,2,0
632,GL50803_11621,1,0,0,0,3
633,GL50803_13930,1,1,0,2,3
636,GL50803_11677,1,0,0,1,0
642,GL50803_37161,1,0,0,1,0
644,GL50803_32786,1,1,0,0,0
646,GL50803_20802,1,1,0,0,0
661,GL50803_8228,1,0,0,1,0
662,GL50803_2661,1,0,5,1,3
663,GL50803_15364,1,0,0,1,0
668,GL50803_16761,1,1,0,1,0
670,GL50803_2382,1,1,0,1,3
673,GL50803_16156,1,0,0,1,5
674,GL50803_15953,1,0,0,1,0
681,GL50803_2777,1,2,0,1,0
683,GL50803_7966,1,0,0,1,0
686,GL50803_2007,1,0,0,1,0
688,GL50803_3531,1,0,0,1,3
689,GL50803_13981,1,1,0,1,0
694,GL50803_11867,1,1,0,0,0
695,GL50803_24636,1,1,0,1,0
701,GL50803_15216,1,1,0,1,0
704,GL50803_8427,1,2,0,0,0
705,GL50803_14098,1,3,0,0,0
708,GL50803_15602,1,1,0,2,0
712,GL50803_32254,1,0,0,1,0
715,GL50803_16365,1,1,0,0,3
723,GL50803_4357,1,0,0,1,0
726,GL50803_16863,1,0,0,1,0
728,GL50803_14569,1,1,0,2,0
731,GL50803_23602,1,0,0,1,3
732,GL50803_14869,1,0,0,0,3
738,"GL50803_5144,GL50803_103944",1,0,0,0,3
740,GL50803_16234,1,0,0,1,0
744,GL50803_13875,1,0,0,1,0
746,GL50803_17579,1,0,0,1,0
747,GL50803_9007,1,0,5,0,0
748,GL50803_6007,1,0,0,1,0
752,GL50803_17139,1,0,0,2,0
753,GL50803_137705,1,0,0,1,0
756,GL50803_3957,1,0,0,2,0
758,GL50803_113971,1,0,0,1,0
761,GL50803_40521,1,0,0,1,0
763,GL50803_16013,1,0,0,1,0
771,GL50803_7414,1,3,0,5,0
772,GL50803_10027,1,0,0,1,0
774,GL50803_13999,1,0,0,1,0
775,GL50803_96605,1,0,5,0,0
777,GL50803_15101,1,0,0,2,0
779,GL50803_16264,1,1,0,0,0
786,GL50803_14213,1,0,0,1,0
788,GL50803_16914,1,0,0,1,0
789,GL50803_10530,1,0,0,1,0
791,GL50803_4538,1,2,0,2,0
793,GL50803_10527,1,0,0,0,5
798,GL50803_94927,1,0,0,1,0
800,GL50803_24512,1,1,0,0,0
801,GL50803_16910,1,1,0,0,0
807,GL50803_39904,1,0,0,1,0
809,GL50803_40016,1,3,0,0,0
811,GL50803_93127,1,0,0,2,0
812,sp|KRHB2_HUMAN|,1,0,5,0,5
815,GL50803_17126,1,0,0,1,0
819,GL50803_7988,1,0,0,0,5
820,GL50803_17561,1,0,0,2,0
832,GL50803_17308,1,0,0,1,0
833,GL50803_95530,1,1,0,0,0
837,GL50803_1383,1,0,0,2,0
838,GL50803_10810,1,1,0,1,0
839,GL50803_14855,1,0,0,1,0
841,GL50803_41927,1,3,0,3,0
847,GL50803_6081,1,5,0,0,8
848,GL50803_9492,1,1,0,0,0
852,GL50803_7611,1,0,0,3,0
853,GL50803_13215,1,0,0,1,0
854,GL50803_15089,1,0,0,1,0
857,GL50803_15329,1,0,0,1,0
865,GL50803_11965,1,1,0,0,0
866,GL50803_86815,1,0,0,1,0
871,GL50803_89887,1,0,0,1,0
872,GL50803_35428,1,0,0,1,0
873,GL50803_3746,1,1,0,0,0
874,GL50803_21330,1,0,0,1,0
875,GL50803_4606,1,0,0,3,0
877,GL50803_7679,1,0,5,0,3
882,GL50803_102728,1,1,0,1,0
884,GL50803_7807,1,0,0,1,0
886,GL50803_17232,1,0,0,0,3
897,GL50803_13667,1,0,0,0,3
899,GL50803_17278,1,1,0,1,0
909,GL50803_10762,1,5,0,1,0
913,GL50803_15041,1,1,0,0,0
916,GL50803_17146,1,0,0,1,0
917,GL50803_5012,1,0,0,1,0
918,"GL50803_137679,GL50803_40283",1,0,0,1,0
919,GL50803_17231,1,0,0,1,0
921,"GL50803_120293,GL50803_120294",1,1,0,0,0
922,GL50803_23767,1,0,0,1,0
924,GL50803_10606,1,2,0,0,0
927,GL50803_10609,1,0,0,1,0
931,GL50803_31998,1,1,0,1,0
934,GL50803_10765,1,1,0,0,3
938,GL50803_6928,1,1,0,0,0
940,GL50803_102034,1,0,0,0,3
941,GL50803_11287,1,0,0,1,0
942,GL50803_7871,1,0,5,0,3
946,GL50803_89050,1,0,0,2,0
949,"GL50803_103540,GL50803_15265",1,2,0,0,0
952,GL50803_14997,1,1,0,0,0
953,GL50803_3951,1,0,0,1,0
956,GL50803_10801,1,1,0,0,0
957,GL50803_5437,1,0,0,2,0
958,GL50803_4622,1,1,0,0,0
960,GL50803_15455,1,1,0,1,0
961,GL50803_115138,1,1,0,0,0
962,GL50803_32681,1,1,0,1,0
964,GL50803_95908,1,1,0,1,3
965,"GL50803_111903,GL50803_99743,GL50803_137761",1,2,0,1,0
966,GL50803_6436,1,0,0,0,8
968,GL50803_17318,1,1,0,0,3
971,GL50803_6439,1,0,0,1,0
972,"GL50803_28651,GL50803_22553",1,1,0,0,0
977,GL50803_16498,1,0,9,0,5
979,GL50803_16500,1,0,0,1,0
989,GL50803_5249,1,1,0,1,0
999,GL50803_113252,1,0,0,1,3
1003,GL50803_21803,1,2,0,1,0
1004,GL50803_14566,1,1,0,3,0
1007,GL50803_23597,1,0,0,1,0
1010,GL50803_9493,1,0,0,1,0
1012,GL50803_114242,1,0,0,1,0
1015,GL50803_21201,1,0,0,3,0
1018,GL50803_8160,1,10,0,13,0
1021,GL50803_7760,1,3,0,4,0
1022,GL50803_13075,1,0,0,2,0
1023,GL50803_16430,1,2,0,0,0
1026,GL50803_5186,1,1,0,1,3
1028,GL50803_15192,1,0,0,2,0
1040,GL50803_3062,1,2,0,4,0
1042,GL50803_16817,1,1,0,2,5
1044,GL50803_7890,1,1,0,1,0
1045,GL50803_86498,1,2,0,2,0
1050,GL50803_6334,1,0,0,1,0
1051,sp|TRFL_HUMAN|,1,0,0,2,0
1053,GL50803_10055,1,1,0,4,0
1054,GL50803_10056,1,0,0,1,0
1055,GL50803_17276,1,1,0,3,0
1065,GL50803_8003,1,2,0,1,0
1067,GL50803_8023,1,0,0,1,0
1068,GL50803_26917,1,5,0,0,0
1072,GL50803_33674,1,1,0,0,0
1079,GL50803_15126,1,2,0,0,0
1081,GL50803_14874,1,0,0,2,0
1084,GL50803_17541,1,1,0,0,0
1086,GL50803_16793,1,0,0,1,0
1087,sp|HBA_HUMAN|,1,0,0,4,0
1089,GL50803_33863,1,2,0,1,0
1091,GL50803_24330,1,2,0,0,0
1094,GL50803_13412,1,0,0,1,0
1099,GL50803_101850,1,0,0,2,0
1107,GL50803_17465,1,0,0,1,0
1108,GL50803_11246,1,0,0,1,0
1109,GL50803_15042,1,0,0,1,0
1118,GL50803_5988,1,0,0,1,0
1119,GL50803_11755,1,0,5,1,5
1121,GL50803_17123,1,0,0,1,0
1124,GL50803_90236,1,0,0,1,0
1129,GL50803_9098,1,1,0,0,0
1135,GL50803_16384,1,2,0,0,3
1138,GL50803_8880,1,0,0,1,0
1139,GL50803_21053,1,0,0,1,0
1144,GL50803_9283,1,2,0,0,0
1151,GL50803_9545,1,0,0,1,0
1152,GL50803_92031,1,2,0,0,0
1155,GL50803_17320,1,0,0,1,0
1156,GL50803_38415,1,1,0,0,0
1158,GL50803_6055,1,0,0,1,0
1160,GL50803_5180,1,0,0,1,0
1166,GL50803_3290,1,0,0,0,3
1170,GL50803_14846,1,0,0,1,0
1172,GL50803_28696,1,0,0,1,0
1173,GL50803_15898,1,1,0,0,0
1176,GL50803_113219,1,0,0,1,0
1180,GL50803_7990,1,0,0,1,0
1183,GL50803_11207,1,0,0,1,0
1185,GL50803_6531,1,0,0,1,0
1187,GL50803_28666,1,0,0,1,0
1191,GL50803_16313,1,1,0,2,0
1194,GL50803_13455,1,1,0,2,0
1196,GL50803_16269,1,0,0,2,0
1197,GL50803_3493,1,0,0,1,0
1199,GL50803_16273,1,1,0,0,0
1200,GL50803_17199,1,0,0,1,0
1208,GL50803_21366,1,0,0,2,0
1212,GL50803_16792,1,1,0,2,0
1217,GL50803_17264,1,0,0,1,0
1218,GL50803_8587,1,0,0,1,0
1226,GL50803_15144,1,0,0,1,0
1227,GL50803_17250,1,0,0,1,0
1230,GL50803_10219,1,1,0,2,0
1231,GL50803_15145,1,2,0,1,0
1238,GL50803_17348,1,1,0,0,0
1245,GL50803_10062,1,0,0,1,0
1247,GL50803_16944,1,1,0,0,0
1252,GL50803_14168,1,1,0,0,0
1255,GL50803_17608,1,0,0,1,0
1256,GL50803_5842,1,3,0,2,0
1263,"GL50803_103094,GL50803_112696,GL50803_112937,GL50803_112008,GL50803_111987,GL50803_135725",1,1,0,1,3
1267,GL50803_27364,1,2,0,2,3
1269,GL50803_2013,1,0,0,3,0
1271,GL50803_2010,1,1,0,0,0
1272,GL50803_15090,1,0,0,2,0
1275,GL50803_16596,1,0,0,1,0
1277,"GL50803_112018,GL50803_114043",1,0,0,1,0
1278,GL50803_15515,1,1,0,1,0
1282,GL50803_24979,1,1,0,3,0
1286,GL50803_11885,1,0,0,0,3
1287,GL50803_10324,1,0,0,3,0
1291,GL50803_16037,1,1,0,0,0
1292,GL50803_15442,1,1,0,0,0
1295,GL50803_16958,1,0,0,1,0
1297,GL50803_2483,1,0,0,1,5
1321,GL50803_14400,1,2,0,1,0
1323,GL50803_17091,1,0,0,2,0
1324,GL50803_5258,1,0,0,1,0
1328,GL50803_32697,1,0,0,1,0
1330,GL50803_112295,1,0,0,0,3
1331,GL50803_15078,1,0,0,0,5
1335,GL50803_86444,1,0,0,1,3
1337,GL50803_21603,1,3,0,3,0
1338,GL50803_5768,1,0,0,4,0
1339,GL50803_92134,1,0,0,1,0
1343,GL50803_28657,1,0,0,1,8
1345,GL50803_91911,1,1,0,1,0
1346,GL50803_8209,1,1,0,0,0
1347,GL50803_35180,1,1,0,0,0
1348,GL50803_5615,1,1,0,1,0
1351,GL50803_26988,1,1,0,1,0
1352,GL50803_6367,1,0,0,0,3
1354,GL50803_100987,1,5,0,1,0
1355,GL50803_27701,1,0,0,0,5
1358,GL50803_32730,1,0,0,0,3
1361,GL50803_16380,1,0,0,4,0
1362,GL50803_14457,1,0,0,2,3
1366,GL50803_22504,1,5,0,3,0
1372,GL50803_21662,1,0,0,1,0
1373,GL50803_31671,1,0,0,0,3
1377,GL50803_5158,1,0,0,0,3
1380,GL50803_14318,1,0,5,0,0
1385,GL50803_100955,1,0,0,2,0
1386,GL50803_6509,1,0,0,1,0
1394,GL50803_34094,1,0,0,0,3
1395,GL50803_3291,1,0,0,0,5
1404,GL50803_6680,1,0,0,1,0
1405,GL50803_9573,1,0,0,2,0
1406,GL50803_4239,1,0,5,0,5
1419,GL50803_4597,1,0,0,0,3
1422,GL50803_17354,1,0,9,0,3
1424,"GL50803_101496,GL50803_101010",1,5,0,3,0
1445,GL50803_16429,1,0,0,1,0
1447,sp|CO5_HUMAN|,1,0,5,0,0
1449,GL50803_95898,1,0,0,1,0
1451,GL50803_5879,1,0,0,1,0
1456,GL50803_15930,1,0,0,1,0
1458,GL50803_8148,1,2,0,0,0
1460,GL50803_137755,1,1,0,0,0
1464,GL50803_8358,1,0,0,1,3
1472,GL50803_16707,1,2,0,1,0
1476,GL50803_3475,1,1,0,0,0
1488,GL50803_14621,1,0,0,1,0
1490,GL50803_25205,1,1,0,0,0
1491,GL50803_12800,1,0,0,1,0
1501,GL50803_16054,1,1,0,0,0
1511,GL50803_114535,1,0,0,2,0
1513,"GL50803_112432,GL50803_137715",1,0,0,1,0
1514,GL50803_7192,1,1,0,0,0
1515,GL50803_114674,1,1,0,0,0
1518,GL50803_13720,1,1,0,1,0
1519,GL50803_137725,1,0,0,0,3
1522,GL50803_96818,1,1,0,1,0
1524,GL50803_15196,1,0,0,0,3
1529,GL50803_17362,1,1,0,0,0
1531,GL50803_6177,1,0,14,3,10
1532,GL50803_94762,1,1,0,0,0
1533,GL50803_20551,1,0,0,1,0
1535,GL50803_8691,1,0,0,0,3
1542,GL50803_2933,1,0,0,1,5
1547,GL50803_5533,1,1,0,2,0
1558,GL50803_16315,1,0,0,1,0
1561,GL50803_6417,1,0,5,0,3
1569,GL50803_11319,1,0,0,0,3
1571,GL50803_9133,1,1,0,0,0
1572,GL50803_9134,1,0,0,1,0
1573,GL50803_25011,1,0,0,1,0
1574,GL50803_17205,1,1,0,0,0
1575,GL50803_9210,1,5,0,0,0
1590,GL50803_11177,1,1,0,0,0
1591,GL50803_40995,1,1,0,1,0
1597,GL50803_16985,1,1,0,2,0
1598,GL50803_12163,1,1,0,1,0
1604,GL50803_14641,1,0,0,1,0
1605,GL50803_2796,1,0,0,3,0
1610,GL50803_29796,1,2,5,1,3
1611,GL50803_7343,1,0,0,0,3
1618,GL50803_7570,1,0,0,0,3
1619,GL50803_9274,1,0,5,0,0
1634,GL50803_16550,1,0,0,1,0
1637,GL50803_30645,1,1,0,0,0
1639,GL50803_13604,1,0,0,0,3
1646,GL50803_9912,1,0,0,1,0
1650,GL50803_113865,1,3,0,2,3
1657,GL50803_14317,1,1,0,0,0
1658,GL50803_89730,1,1,0,0,0
1659,GL50803_8731,1,2,0,0,0
1670,GL50803_14275,1,0,0,0,3
1675,GL50803_1649,1,0,0,0,5
1676,"GL50803_134441,GL50803_134442",1,0,0,1,3
1678,GL50803_100845,1,0,0,1,0
1680,GL50803_14546,1,0,0,1,0
1683,GL50803_6469,1,2,0,3,0
1684,GL50803_7421,1,0,0,1,0
1689,GL50803_14545,1,0,0,1,0
1690,GL50803_11649,1,1,0,1,0
1694,GL50803_15081,1,1,0,0,0
1695,GL50803_6731,1,1,0,0,0
1698,"GL50803_112828,GL50803_114042",1,1,0,1,0
1699,GL50803_33985,1,1,0,0,0
1701,GL50803_4017,1,0,0,1,0
1703,GL50803_6262,1,0,0,1,0
1704,GL50803_6735,1,1,0,0,0
1705,GL50803_21398,1,2,0,0,0
1708,GL50803_9353,1,0,0,0,3
1709,GL50803_20307,1,5,0,4,0
1713,GL50803_42377,1,1,0,0,0
1717,GL50803_16934,1,0,0,1,0
1719,GL50803_114921,1,2,0,1,0
1721,GL50803_14104,1,0,5,0,0
1722,GL50803_4257,1,0,5,1,5
1723,GL50803_94322,1,0,0,1,0
1725,GL50803_17013,1,2,0,1,0
1728,GL50803_16642,1,0,0,1,0
1731,GL50803_12885,1,0,0,0,5
1739,"GL50803_112831,GL50803_113656,GL50803_114773,GL50803_114915",1,3,0,2,0
1741,GL50803_8037,1,0,0,1,0
1748,GL50803_24485,1,1,0,4,0
1755,sp|CASB_BOVIN|,1,0,0,0,5
1756,GL50803_16436,1,1,0,0,0
1757,GL50803_16607,1,0,0,1,0
1759,GL50803_3490,1,0,0,1,0
1761,GL50803_3564,1,0,0,1,0
1764,GL50803_17262,1,2,0,0,0
1765,GL50803_13652,1,0,0,1,0
1766,GL50803_17260,1,1,0,0,0
1774,"GL50803_3677,GL50803_16479",1,0,0,1,0
1775,GL50803_8074,1,0,0,0,5
1776,GL50803_96537,1,0,0,2,0
1777,GL50803_5522,1,0,0,1,0
1779,GL50803_37452,1,0,0,1,0
1783,GL50803_23897,1,1,0,0,0
1792,GL50803_112729,1,1,0,0,0
1794,GL50803_2970,1,2,5,2,8
1799,GL50803_14921,1,0,0,1,0
1800,GL50803_14299,1,0,0,0,3
1804,GL50803_7865,1,1,0,2,0
1808,GL50803_10450,1,0,0,1,0
1810,GL50803_95786,1,1,0,0,0
1813,GL50803_5435,1,0,0,0,3
1815,GL50803_16894,1,0,0,2,0
1816,GL50803_4631,1,2,0,1,0
1822,GL50803_14413,1,1,0,1,0
1827,GL50803_17624,1,0,0,1,0
1830,GL50803_11342,1,1,0,5,0
1831,GL50803_16332,1,0,0,1,0
1837,GL50803_15120,1,0,0,1,0
1841,GL50803_6344,1,0,0,2,0
1843,GL50803_7721,1,1,0,0,0
1845,GL50803_7723,1,0,0,3,0
1850,GL50803_11713,1,0,0,0,3
1851,GL50803_14345,1,0,0,1,3
1852,GL50803_11716,1,0,0,1,0
1854,GL50803_4369,1,0,0,1,0
1855,GL50803_14850,1,0,0,1,0
1863,GL50803_36515,1,1,0,0,0
1866,GL50803_103992,1,1,0,0,0
1868,GL50803_15514,1,0,0,1,0
1874,GL50803_7909,1,2,14,0,8
1878,GL50803_17374,1,0,0,1,0
1879,sp|TRFE_HUMAN|,1,0,0,0,3
1882,GL50803_19378,1,5,0,2,8
1885,GL50803_10303,1,1,0,0,0
1891,GL50803_13825,1,0,0,1,0
1893,GL50803_5661,1,0,0,0,3
1895,GL50803_112870,1,0,0,1,0
1899,GL50803_108654,1,0,0,0,3
1900,GL50803_7350,1,1,0,2,0
1907,GL50803_32958,1,0,0,1,0
1916,GL50803_14857,1,1,0,0,0
1918,GL50803_6592,1,3,0,2,0
1920,GL50803_13606,1,1,0,0,0
1922,GL50803_13851,1,0,0,1,0
1923,GL50803_13393,1,0,0,0,3
1924,GL50803_6185,1,0,0,0,8
1928,GL50803_14661,1,0,0,3,0
1931,GL50803_14456,1,0,0,1,0
1934,GL50803_91220,1,1,0,0,0
